geneName,spacer,PAM,target_strand,index,6bp five_prime,6bp three_prime
gpmA,GGCTGTAACTAAGCTGGTTC,TGG,coding,1,AT,TTCGTC
gpmA,AAGCTGGTTCTGGTTCGTCA,TGG,coding,2,GTAACT,CGAAAG
gpmA,TTCGTCATGGCGAAAGTCAG,TGG,coding,3,TTCTGG,AACAAA
gpmA,AACAAAGAAAACCGTTTCAC,CGG,coding,4,CAGTGG,TTGGTA
gpmA,AAGAAAACCGTTTCACCGGT,TGG,coding,5,GGAACA,TACGAC
gpmA,TTTCACCGGTTGGTACGACG,TGG,coding,6,AAACCG,ATCTGT
gpmA,GACGTGGATCTGTCTGAGAA,AGG,coding,7,TGGTAC,CGTAAG
gpmA,GTAAGCGAAGCAAAAGCAGC,AGG,coding,8,AAAGGC,TAAGCT
gpmA,AGCAGGTAAGCTGCTGAAAG,AGG,coding,9,AAAAGC,AAGGTT
gpmA,GGTAAGCTGCTGAAAGAGGA,AGG,coding,10,GCAGCA,TTACAG
gpmA,AACGCGCTATCCATACCCTG,TGG,coding,11,TGCTGA,AATGTG
gpmA,CCATACCCTGTGGAATGTGC,TGG,coding,12,CGCTAT,ACGAAC
gpmA,GTGGAATGTGCTGGACGAAC,TGG,coding,13,TACCCT,ATCAGG
gpmA,TGTGCTGGACGAACTGGATC,AGG,coding,14,GTGGAA,CATGGC
gpmA,TGGACGAACTGGATCAGGCA,TGG,coding,15,ATGTGC,CTGCCC
gpmA,GGCTGCCCGTTGAGAAATCC,TGG,coding,16,AGGCAT,AAACTG
gpmA,AAACTGAACGAACGTCACTA,CGG,coding,17,TCCTGG,TGCGTT
gpmA,ACGTCACTACGGTGCGTTGC,AGG,coding,18,GAACGA,GTCTGA
gpmA,CGTCACTACGGTGCGTTGCA,GGG,coding,19,AACGAA,TCTGAA
gpmA,GTTGCAGGGTCTGAACAAAG,CGG,coding,20,CGGTGC,AAACTG
gpmA,GCGGAAACTGCTGAAAAGTA,TGG,coding,21,AACAAA,CGACGA
gpmA,TGAAAAGTATGGCGACGAGC,AGG,coding,22,AACTGC,TGAAAC
gpmA,GCGACGAGCAGGTGAAACAG,TGG,coding,23,AGTATG,CGTCGT
gpmA,CAGGTGAAACAGTGGCGTCG,TGG,coding,24,GACGAG,TTTTGC
gpmA,TGGTTTTGCAGTGACTCCGC,CGG,coding,25,GCGTCG,AACTGA
gpmA,TAAAGATGATGAGCGTTATC,CGG,coding,26,ACTGAC,GTCACG
gpmA,AAAGATGATGAGCGTTATCC,GGG,coding,27,CTGACT,TCACGA
gpmA,CGAGAAAGAACTGCCGCTGA,CGG,coding,28,ACTGAG,AAAGCC
gpmA,ACTGCCGCTGACGGAAAGCC,TGG,coding,29,GAAAGA,CGCTGA
gpmA,TTGACCGCGTGATCCCTTAC,TGG,coding,30,TGACCA,AATGAA
gpmA,ATTCTGCCGCGTATGAAGAG,CGG,coding,31,GAAACT,TGAGCG
gpmA,CGCGTGATCATCGCTGCACA,CGG,coding,32,GGTGAG,TAACTC
gpmA,CGGTAACTCTTTACGTGCGC,TGG,coding,33,TGCACA,TGAAAT
gpmA,CTTGAGCTTAATATCCCGAC,TGG,coding,34,GAGATT,CGTGCC
gpmA,TATCCCGACTGGCGTGCCGC,TGG,coding,35,GCTTAA,TGTATG
gpmA,ACCGCTGAAACGCTATTATC,TGG,coding,36,TTTCAA,GTAATG
gpmA,CCGCTGAAACGCTATTATCT,GGG,coding,37,TTCAAA,TAATGC
gpmA,CGAGATCGCAGCGAAAGCAG,CGG,coding,38,TGCTGA,CGGTTG
gpmA,GATCGCAGCGAAAGCAGCGG,CGG,coding,39,TGACGA,TTGCAA
gpmA,AGCAGCGGCGGTTGCAAACC,AGG,coding,40,AGCGAA,GTAAAG
gpmA,GCAGCGGCGGTTGCAAACCA,GGG,coding,41,GCGAAA,TAAAGC
gpmA,AAAGCCGACTGCAAGTGAGT,CGG,coding,42,AATGAG,CTTTTT
gpmA,GGCTTTTTTGTTGCTAACAA,TGG,coding,43,TGAGTC,AGCACA
gpmA,AAGTCGCGCAGCGTCGCATC,AGG,non-coding,44,GAT,CAATGT
gpmA,AAAGCCGACTCACTTGCAGT,CGG,non-coding,45,AACAAA,CTTTCT
gpmA,ACGTTTACTTCGCTTTACCC,TGG,non-coding,46,CGAATG,TTTGCA
gpmA,CCCAGATAATAGCGTTTCAG,CGG,non-coding,47,GCATTA,TTTGAA
gpmA,TCGTCGAACTCATACACCAG,CGG,non-coding,48,AAATTC,CACGCC
gpmA,TACACCAGCGGCACGCCAGT,CGG,non-coding,49,AACTCA,GATATT
gpmA,ACACCAGCGGCACGCCAGTC,GGG,non-coding,50,ACTCAT,ATATTA
gpmA,CGCTCACCGCTCTTCATACG,CGG,non-coding,51,ATCACG,CAGAAT
gpmA,AGAATAGTTTCATTCCAGTA,AGG,non-coding,52,CGCGGC,GATCAC
gpmA,GAATAGTTTCATTCCAGTAA,GGG,non-coding,53,GCGGCA,ATCACG
gpmA,CATTCCAGTAAGGGATCACG,CGG,non-coding,54,TAGTTT,TCAATG
gpmA,GTAAGGGATCACGCGGTCAA,TGG,non-coding,55,ATTCCA,TCAGCG
gpmA,CGCGGTCAATGGTCAGCGCC,AGG,non-coding,56,GGATCA,CTTTCC
gpmA,AGCGCCAGGCTTTCCGTCAG,CGG,non-coding,57,ATGGTC,CAGTTC
gpmA,TCGCTCAGTTTCGCGTAACG,CGG,non-coding,58,TCTTTC,ATCGTG
gpmA,GCGTAACGCGGATCGTGACC,CGG,non-coding,59,AGTTTC,ATAACG
gpmA,TCATCATCTTTAGTCAGTTC,CGG,non-coding,60,TAACGC,CGGAGT
gpmA,TCATCTTTAGTCAGTTCCGG,CGG,non-coding,61,CGCTCA,AGTCAC
gpmA,GTGACGTTCGTTCAGTTTCC,AGG,non-coding,62,ACCGTA,ATTTCT
gpmA,CAGTTTCCAGGATTTCTCAA,CGG,non-coding,63,TTCGTT,GCAGCC
gpmA,AGTTTCCAGGATTTCTCAAC,GGG,non-coding,64,TCGTTC,CAGCCA
gpmA,GTTCGTCCAGCACATTCCAC,AGG,non-coding,65,GATCCA,GTATGG
gpmA,TTCGTCCAGCACATTCCACA,GGG,non-coding,66,ATCCAG,TATGGA
gpmA,CCAGCACATTCCACAGGGTA,TGG,non-coding,67,GTTCGT,ATAGCG
gpmA,CAGATCCACGTCGTACCAAC,CGG,non-coding,68,CTCAGA,TGAAAC
gpmA,CGTCGTACCAACCGGTGAAA,CGG,non-coding,69,GATCCA,TTTTCT
fbaA,ATTTTTGATTTCGTAAAACC,TGG,coding,1,TCTAAG,CGTAAT
fbaA,GTAAAACCTGGCGTAATCAC,TGG,coding,2,GATTTC,TGATGA
fbaA,TGACGTACAGAAAGTTTTCC,AGG,coding,3,TGGTGA,TAGCAA
fbaA,CTGCCAGCAGTAAACTGCGT,CGG,coding,4,TTCGCA,TACTGA
fbaA,TGACTCCATCAACGCCGTAC,TGG,coding,5,CGGTAC,AAACCG
fbaA,CGCTGCTAAAGTTAAAGCGC,CGG,coding,6,GGAAAC,TTATCG
fbaA,GTTATCGTTCAGTTCTCCAA,CGG,coding,7,GCGCCG,TGGTGC
fbaA,ATCGTTCAGTTCTCCAACGG,TGG,coding,8,CCGGTT,TGCTTC
fbaA,GGTGGTGCTTCCTTTATCGC,TGG,coding,9,TCCAAC,TAAAGG
fbaA,GCTTCCTTTATCGCTGGTAA,AGG,coding,10,GGTGGT,CGTGAA
fbaA,CGTGAAATCTGACGTTCCGC,AGG,coding,11,TAAAGG,GTGCTG
fbaA,GTGAAATCTGACGTTCCGCA,GGG,coding,12,AAAGGC,TGCTGC
fbaA,TCCGCAGGGTGCTGCTATCC,TGG,coding,13,TGACGT,GCGCGA
fbaA,CCGCAGGGTGCTGCTATCCT,GGG,coding,14,GACGTT,CGCGAT
fbaA,GCTATCCTGGGCGCGATCTC,TGG,coding,15,GGTGCT,TGCGCA
fbaA,TGCGCATCACGTTCACCAGA,TGG,coding,16,CTCTGG,CTGAAC
fbaA,CACCAGATGGCTGAACATTA,TGG,coding,17,CACGTT,TGTTCC
fbaA,GGCTGAACATTATGGTGTTC,CGG,coding,18,CCAGAT,TTATCC
fbaA,GCGCGAAGAAACTGCTGCCG,TGG,coding,19,ACCACT,ATCGAC
fbaA,AAACTGCTGCCGTGGATCGA,CGG,coding,20,GCGAAG,TCTGTT
fbaA,GCCGTGGATCGACGGTCTGT,TGG,coding,21,ACTGCT,ACGCGG
fbaA,GATCGACGGTCTGTTGGACG,CGG,coding,22,GCCGTG,GTGAAA
fbaA,ATCGACGGTCTGTTGGACGC,GGG,coding,23,CCGTGG,TGAAAA
fbaA,GAAAAACACTTCGCAGCTAC,CGG,coding,24,GCGGGT,TAAGCC
fbaA,CGAAATCTGCTCTAAATACC,TGG,coding,25,GAACAT,AGCGCA
fbaA,CTGGAGCGCATGTCCAAAAT,CGG,coding,26,AAATAC,CATGAC
fbaA,GTCCAAAATCGGCATGACTC,TGG,coding,27,GCGCAT,AAATCG
fbaA,CATGACTCTGGAAATCGAAC,TGG,coding,28,AATCGG,GTTGCA
fbaA,ATGACTCTGGAAATCGAACT,GGG,coding,29,ATCGGC,TTGCAC
fbaA,GAAATCGAACTGGGTTGCAC,CGG,coding,30,ACTCTG,TGGTGA
fbaA,ATCGAACTGGGTTGCACCGG,TGG,coding,31,CTGGAA,TGAAGA
fbaA,TGCACCGGTGGTGAAGAAGA,CGG,coding,32,CTGGGT,CGTGGA
fbaA,CGGTGGTGAAGAAGACGGCG,TGG,coding,33,TTGCAC,ACAACA
fbaA,CGGCGTGGACAACAGCCACA,TGG,coding,34,AGAAGA,ACGCTT
fbaA,TTCTGCACTGTACACCCAGC,CGG,coding,35,GGACGC,AAGACG
fbaA,TTCACCATCGCAGCGTCCTT,CGG,coding,36,CCGCGT,TAACGT
fbaA,GCGTCCTTCGGTAACGTACA,CGG,coding,37,ATCGCA,TGTTTA
fbaA,CGTACACGGTGTTTACAAGC,CGG,coding,38,CGGTAA,GTAACG
fbaA,GTACACGGTGTTTACAAGCC,GGG,coding,39,GGTAAC,TAACGT
fbaA,TGTTTACAAGCCGGGTAACG,TGG,coding,40,ACACGG,TTCTGA
fbaA,GACCATCCTGCGTGATTCTC,AGG,coding,41,GACTCC,AATATG
fbaA,AGCCTGAACTTCGTATTCCA,CGG,coding,42,CACAAC,TGGTTC
fbaA,CTGAACTTCGTATTCCACGG,TGG,coding,43,AACAGC,TTCCGG
fbaA,TTCGTATTCCACGGTGGTTC,CGG,coding,44,CTGAAC,TTCTAC
fbaA,TGGTTCCGGTTCTACTGCTC,AGG,coding,45,CCACGG,AAATCA
fbaA,ATCAAAGACTCCGTAAGCTA,CGG,coding,46,CAGGAA,CGTAGT
fbaA,ACATCGATACCGATACCCAA,TGG,coding,47,AAATGA,GCAACC
fbaA,CATCGATACCGATACCCAAT,GGG,coding,48,AATGAA,CAACCT
fbaA,CCGATACCCAATGGGCAACC,TGG,coding,49,TCGATA,GAAGGC
fbaA,CGATACCCAATGGGCAACCT,GGG,coding,50,CGATAC,AAGGCG
fbaA,ACCCAATGGGCAACCTGGGA,AGG,coding,51,ACCGAT,CGTTCT
fbaA,AGCGAACGAAGCTTATCTGC,AGG,coding,52,CTACAA,GTCAGC
fbaA,GCGAACGAAGCTTATCTGCA,GGG,coding,53,TACAAA,TCAGCT
fbaA,AGCTTATCTGCAGGGTCAGC,TGG,coding,54,GAACGA,GTAACC
fbaA,GCTTATCTGCAGGGTCAGCT,GGG,coding,55,AACGAA,TAACCC
fbaA,GGTCAGCTGGGTAACCCGAA,AGG,coding,56,CTGCAG,CGAAGA
fbaA,AATACTACGATCCGCGCGTA,TGG,coding,57,ACAAGA,CTGCGT
fbaA,CCGCGCGTATGGCTGCGTGC,CGG,coding,58,TACGAT,TCAGAC
fbaA,GACTTCGATGATCGCTCGTC,TGG,coding,59,CGGTCA,AGAAAG
fbaA,TCGTCTGGAGAAAGCATTCC,AGG,coding,60,GATCGC,AACTGA
fbaA,ATTCCTTTCTGCTTATCTCA,AGG,coding,61,TAAGAT,CCCGCT
fbaA,TTATCTCAAGGCCCGCTCTG,CGG,coding,62,TTCTGC,GTCTTT
fbaA,TATCTCAAGGCCCGCTCTGC,GGG,coding,63,TCTGCT,TCTTTT
fbaA,CCTGATGCGCTACGCTTATC,AGG,coding,64,AAATTG,CCTACA
fbaA,CCTGATAAGCGTAGCGCATC,AGG,non-coding,65,TGTAGG,CAATTT
fbaA,GCATCAGGCAATTTTGCTTT,TGG,non-coding,66,CGTAGC,CGAAAA
fbaA,CGAAAAAAAGACCCGCAGAG,CGG,non-coding,67,TTTTGG,GCCTTG
fbaA,GAAAAAAAGACCCGCAGAGC,GGG,non-coding,68,TTTGGC,CCTTGA
fbaA,GGGCCTTGAGATAAGCAGAA,AGG,non-coding,69,CAGAGC,AATATC
fbaA,CGTCGATCGCGTTCAGTTCC,TGG,non-coding,70,ACAGAA,AATGCT
fbaA,AGCGATCATCGAAGTCTGAC,CGG,non-coding,71,CAGACG,CACGCA
fbaA,CCGGCACGCAGCCATACGCG,CGG,non-coding,72,GTCTGA,ATCGTA
fbaA,GGATCGTAGTATTTCTTGTT,CGG,non-coding,73,ACGCGC,CTGATC
fbaA,TTCGGCTGATCTTCGCCTTT,CGG,non-coding,74,TTCTTG,GTTACC
fbaA,TCGGCTGATCTTCGCCTTTC,GGG,non-coding,75,TCTTGT,TTACCC
fbaA,GTAGTTCAGAACGCCTTCCC,AGG,non-coding,76,TTTGTA,TTGCCC
fbaA,CGCCTTCCCAGGTTGCCCAT,TGG,non-coding,77,TCAGAA,GTATCG
fbaA,GCCTTCCCAGGTTGCCCATT,GGG,non-coding,78,CAGAAC,TATCGG
fbaA,CCAGGTTGCCCATTGGGTAT,CGG,non-coding,79,GCCTTC,TATCGA
fbaA,TTTTACTACGCCGTAGCTTA,CGG,non-coding,80,GTTCAT,AGTCTT
fbaA,GATTTCCTGAGCAGTAGAAC,CGG,non-coding,81,GTCTTT,AACCAC
fbaA,CAGTAGAACCGGAACCACCG,TGG,non-coding,82,CCTGAG,AATACG
fbaA,CACCGTGGAATACGAAGTTC,AGG,non-coding,83,CGGAAC,CTGTTG
fbaA,ACGAAGTTCAGGCTGTTGTG,CGG,non-coding,84,TGGAAT,CAGGTT
fbaA,AGTTCAGGCTGTTGTGCGGC,AGG,non-coding,85,ATACGA,TTGTGT
fbaA,GTGCGGCAGGTTGTGTTTCT,TGG,non-coding,86,GCTGTT,AAACAT
fbaA,CATATTCCTGAGAATCACGC,AGG,non-coding,87,TGGAAA,ATGGTC
fbaA,TTCCTGAGAATCACGCAGGA,TGG,non-coding,88,AACATA,TCGGAG
fbaA,TGAGAATCACGCAGGATGGT,CGG,non-coding,89,TATTCC,AGTCAG
fbaA,GGAGTCAGAACCACGTTACC,CGG,non-coding,90,ATGGTC,CTTGTA
fbaA,AACACCGTGTACGTTACCGA,AGG,non-coding,91,CTTGTA,ACGCTG
fbaA,GTTACCGAAGGACGCTGCGA,TGG,non-coding,92,GTGTAC,TGAAAC
fbaA,GACGCTGCGATGGTGAAACG,CGG,non-coding,93,CCGAAG,GCTGAT
fbaA,ACGCTGCGATGGTGAAACGC,GGG,non-coding,94,CGAAGG,CTGATT
fbaA,CGGGCTGATTTTGCTCAGTT,CGG,non-coding,95,GAAACG,TGTATG
fbaA,TATGCGTAATCAACGTCTTC,CGG,non-coding,96,TCGGTG,CTGGGT
fbaA,CGTAATCAACGTCTTCCGGC,TGG,non-coding,97,TGTATG,GTGTAC
fbaA,GTAATCAACGTCTTCCGGCT,GGG,non-coding,98,GTATGC,TGTACA
fbaA,ACAGTGCAGAAGCGTCCATG,TGG,non-coding,99,GGGTGT,CTGTTG
fbaA,CACGCCGTCTTCTTCACCAC,CGG,non-coding,100,GTTGTC,TGCAAC
fbaA,TTCCAGAGTCATGCCGATTT,TGG,non-coding,101,TTCGAT,ACATGC
fbaA,CGATTTTGGACATGCGCTCC,AGG,non-coding,102,TCATGC,TATTTA
fbaA,CTTGCAGAGATTCTTCAGAC,AGG,non-coding,103,TGTTCT,TCGATC
fbaA,ATCATGTGAGAAGAGAACAG,CGG,non-coding,104,AGGTCG,CTTACC
fbaA,AGAAGAGAACAGCGGCTTAC,CGG,non-coding,105,CATGTG,TAGCTG
fbaA,TCCAACAGACCGTCGATCCA,CGG,non-coding,106,CCCGCG,CAGCAG
fbaA,GCAGCAGTTTCTTCGCGCAG,TGG,non-coding,107,TCCACG,TCAGTG
fbaA,TCGCGCAGTGGTCAGTGTGC,AGG,non-coding,108,GTTTCT,ATAACC
fbaA,TGGTCAGTGTGCAGGATAAC,CGG,non-coding,109,GCGCAG,AACACC
fbaA,CACCATAATGTTCAGCCATC,TGG,non-coding,110,CCGGAA,TGAACG
fbaA,GCGCACCAGAGATCGCGCCC,AGG,non-coding,111,CGTGAT,ATAGCA
fbaA,CCCAGGATAGCAGCACCCTG,CGG,non-coding,112,ATCGCG,AACGTC
fbaA,CACGCCTTTACCAGCGATAA,AGG,non-coding,113,AGATTT,AAGCAC
fbaA,GATAAAGGAAGCACCACCGT,TGG,non-coding,114,ACCAGC,AGAACT
fbaA,TTGGAGAACTGAACGATAAC,CGG,non-coding,115,CCACCG,CGCTTT
fbaA,CGGCGCTTTAACTTTAGCAG,CGG,non-coding,116,GATAAC,TTTCCA
fbaA,TTTAGCAGCGGTTTCCAGTA,CGG,non-coding,117,TTTAAC,CGTTGA
fbaA,GGTTTCCAGTACGGCGTTGA,TGG,non-coding,118,AGCAGC,AGTCAG
fbaA,GTACCGACGCAGTTTACTGC,TGG,non-coding,119,GAGTCA,CAGTGC
fbaA,AGTTGTTTTCTTTTGCTACC,TGG,non-coding,120,GTGCGA,AAAACT
fbaA,TCATCACCAGTGATTACGCC,AGG,non-coding,121,TGTACG,TTTTAC
pykF,TTACAGGACGTGAACAGATG,CGG,coding,1,,TGTTAG
pykF,GCGGTGTTAGTAGTGCCGCT,CGG,coding,2,ACAGAT,TACCAG
pykF,GAGCCAGTTCTTTACCCAGA,CGG,coding,3,TCTGCA,TAGAAA
pykF,GTGATCTCTTTAACAAGCTG,CGG,coding,4,GTAGAA,CACAAC
pykF,CTGATGAGCCGTTTTTTCGT,TGG,coding,5,TACCAA,TGGTCA
pykF,ATGAGCCGTTTTTTCGTTGG,TGG,coding,6,CAACTG,TCAGTG
pykF,TTTCGTTGGTGGTCAGTGCC,AGG,coding,7,CCGTTT,ATGGTG
pykF,GTTGGTGGTCAGTGCCAGGA,TGG,coding,8,TTTTTC,TGGCAT
pykF,GGTGGTCAGTGCCAGGATGG,TGG,coding,9,TTCGTT,CATCCG
pykF,AGTGCCAGGATGGTGGCATC,CGG,coding,10,GTGGTC,GAAGTA
pykF,GTGCCAGGATGGTGGCATCC,GGG,coding,11,TGGTCA,AAGTAT
pykF,TGAGTAGCAACCACGATCAG,CGG,coding,12,CCGCCC,AGCATC
pykF,CAGTTTTTCAGCAGTTTCAA,CGG,coding,13,AGCATC,CACCAC
pykF,CAGCAGTTTCAACGGCACCA,CGG,coding,14,GTTTTT,CATACC
pykF,GGCACCACGGCATACCGCTT,CGG,coding,15,TTCAAC,TAATGC
pykF,CTTCGGTAATGCGCAGTTTA,CGG,coding,16,ATACCG,TTGTCA
pykF,TGTCATTGTTGAACTCGAGA,CGG,coding,17,TACGGT,CTGTTC
pykF,CGAGACGGCTGTTCATCACG,CGG,coding,18,TGAACT,TCGGTA
pykF,ACGGCTGTTCATCACGCGGT,CGG,coding,19,CTCGAG,TACGTT
pykF,GCGGTCGGTACGTTCGCAGA,TGG,coding,20,CATCAC,TCGCCA
pykF,ATGATAGAAACCGCTTCCAG,CGG,coding,21,GTCGCC,GTATTT
pykF,TGATAGAAACCGCTTCCAGC,GGG,coding,22,TCGCCA,TATTTA
pykF,CAGCGGGTATTTACCTTTTG,CGG,coding,23,CGCTTC,ATTCAC
pykF,TCACTGCGTCAGTACCGTCG,AGG,coding,24,ACAGCA,ATGGCG
pykF,TGCGTCAGTACCGTCGAGGA,TGG,coding,25,CATCAC,CGTTTG
pykF,GATGGCGTTTGCAACGTCAC,CGG,coding,26,GTCGAG,CTTCTG
pykF,TCACCGGCTTCTGCGCGAGT,CGG,coding,27,GCAACG,GCGTGG
pykF,CACCGGCTTCTGCGCGAGTC,GGG,coding,28,CAACGT,CGTGGG
pykF,GCTTCTGCGCGAGTCGGGCG,TGG,coding,29,TCACCG,GTTTTT
pykF,CTTCTGCGCGAGTCGGGCGT,GGG,coding,30,CACCGG,TTTTTG
pykF,CGGGCGTGGGTTTTTGATCA,TGG,coding,31,GCGAGT,AATCCA
pykF,TGATCATGGAATCCAGCATC,TGG,coding,32,GGTTTT,GTCGCA
pykF,GATCATGGAATCCAGCATCT,GGG,coding,33,GTTTTT,TCGCAG
pykF,TGATAACGACTTTACGTGCA,CGG,coding,34,TCGCAG,ATACAT
pykF,ATTTTTCGATCATCATCTTC,TGG,coding,35,GGATAC,GCGAAG
pykF,TTTTTCGATCATCATCTTCT,GGG,coding,36,GATACA,CGAAGA
pykF,GCGAAGATAACTTCTTCTAC,CGG,coding,37,TTCTGG,GATTTC
pykF,CGAAGATAACTTCTTCTACC,GGG,coding,38,TCTGGG,ATTTCT
pykF,CTACCGGGATTTCTACACCC,AGG,coding,39,CTTCTT,TCGCCA
pykF,CGCAACCATGATGCCGTCAG,AGG,coding,40,GCCACG,CTTCGA
pykF,TGATGCCGTCAGAGGCTTCG,AGG,coding,41,CAACCA,ATTTCG
pykF,GGATTTCGTCGAAGTTGTTG,AGG,coding,42,CTTCGA,CCTTCC
pykF,CGAAGTTGTTGAGGCCTTCC,TGG,coding,43,TTTCGT,TTTTCG
pykF,GCCTTCCTGGTTTTCGATTT,TGG,coding,44,GTTGAG,AGATGA
pykF,TTTCGATTTTGGAGATGATG,TGG,coding,45,CCTGGT,ATGTTT
pykF,TTTCGCCGCCGTGCGCTTTC,AGG,coding,46,GGATGT,TGCTCA
pykF,CGTGCGCTTTCAGGTGCTCA,CGG,coding,47,CGCCGC,ATTTCG
pykF,GTCAGAACGCTTACGAATAA,AGG,coding,48,GATAAC,AAGCAG
pykF,CTTGTTCGCAACCAAAGATC,AGG,coding,49,CTACGC,TCCTGT
pykF,TTGTCTTTTTCAGCCAGTGC,TGG,coding,50,TCCTGT,CAGAGC
pykF,AGCCAGTGCTGGCAGAGCAA,TGG,coding,51,TTTTTC,AAACGC
pykF,GGCAGAGCAATGGAAACGCC,AGG,coding,52,AGTGCT,CAGGTT
pykF,GAGCAATGGAAACGCCAGGC,AGG,coding,53,CTGGCA,TTCACA
pykF,TCACACCTTTGTTTTCGCCC,AGG,coding,54,GCAGGT,TCACCG
pykF,GATAACTTTGTTACCTTCAA,TGG,coding,55,TTTACA,CGGTAA
pykF,AACTTTGTTACCTTCAATGG,CGG,coding,56,ACAGAT,TAACTT
pykF,CAGACCATCGTCAACCAGTA,CGG,coding,57,ACCGAT,TGTTGC
pykF,GTACGGTGTTGCCAACAGAC,AGG,coding,58,CAACCA,TCAGTA
pykF,GCCGATAACAGATTTATCAG,TGG,coding,59,GCTGTT,TGAAAG
pykF,TTTATCAGTGGTGAAAGTAA,AGG,coding,60,AACAGA,TCTGAC
pykF,GTTACCGCCTTCCAGTTTCA,TGG,coding,61,AACGTC,TGCGGA
pykF,CGCCTTCCAGTTTCATGGTG,CGG,coding,62,CGTTAC,ATTTCC
pykF,AGTTTCATGGTGCGGATTTC,CGG,coding,63,CCTTCC,ACCTTT
pykF,GGTGCGGATTTCCGGACCTT,TGG,coding,64,TTTCAT,TATCAA
pykF,CCGGACCTTTGGTATCAAGC,AGG,coding,65,GGATTT,ATAGCG
pykF,TTTGGTATCAAGCAGGATAG,CGG,coding,66,CGGACC,CGGTTT
pykF,GGTATCAAGCAGGATAGCGG,CGG,coding,67,ACCTTT,TTTTAC
pykF,AGCTAACATCTCTTCAGATT,CGG,coding,68,CATTTT,TTTTCG
pykF,ATCTCTTCAGATTCGGTTTT,CGG,coding,69,GCTAAC,TCCGAT
pykF,AGATTCGGTTTTCGGTCCGA,TGG,coding,70,CTCTTC,TGCAAA
pykF,TCCGATGGTGCAAACAATTT,TGG,coding,71,TTTCGG,TCTTTT
pykF,TCTTAGTCTTTAAGTTGAGA,AGG,coding,72,TGACAG,ATGGGA
pykF,AGTCTTTAAGTTGAGAAGGA,TGG,coding,73,AGTCTT,GAGAAA
pykF,GTCTTTAAGTTGAGAAGGAT,GGG,coding,74,GTCTTA,AGAAAC
pykF,GATGGGAGAAACTTGCTTTC,TGG,coding,75,GAGAAG,GCGCAC
pykF,ATGGGAGAAACTTGCTTTCT,GGG,coding,76,AGAAGG,CGCACT
pykF,TTGCTTTCTGGGCGCACTGC,CGG,coding,77,AGAAAC,AAAGCG
pykF,GCACTGCCGGAAAGCGAATC,CGG,coding,78,CTGGGC,TATTAC
pykF,CGAATCCGGTATTACGAAAG,TGG,coding,79,GGAAAG,TGGTGC
pykF,ATCCGGTATTACGAAAGTGG,TGG,coding,80,AAGCGA,TGCCTC
pykF,CACCACCACTTTCGTAATAC,CGG,non-coding,81,GCGAGG,ATTCGC
pykF,GTAATACCGGATTCGCTTTC,CGG,non-coding,82,ACTTTC,CAGTGC
pykF,ACCAAAATTGTTTGCACCAT,CGG,non-coding,83,AAAAAG,ACCGAA
pykF,AGAGATGTTAGCTAAAATGC,TGG,non-coding,84,ATCTGA,ACGCTG
pykF,TTAGCTAAAATGCTGGACGC,TGG,non-coding,85,GAGATG,CATGAA
pykF,ATGCGTCTGAACTTCTCTCA,TGG,non-coding,86,AACGTT,TGACTA
pykF,CATGGTGACTATGCAGAACA,CGG,non-coding,87,TTCTCT,TCAGCG
pykF,CGCAACGTGATGAGCAAAAC,TGG,non-coding,88,AATCTG,TAAAAC
pykF,GCTATCCTGCTTGATACCAA,AGG,non-coding,89,ACCGCC,TCCGGA
pykF,CCTGCTTGATACCAAAGGTC,CGG,non-coding,90,CGCTAT,AAATCC
pykF,GGAAATCCGCACCATGAAAC,TGG,non-coding,91,AGGTCC,AAGGCG
pykF,ATCCGCACCATGAAACTGGA,AGG,non-coding,92,CCGGAA,CGGTAA
pykF,CGCACCATGAAACTGGAAGG,CGG,non-coding,93,GAAATC,TAACGA
pykF,AACGACGTTTCTCTGAAAGC,TGG,non-coding,94,GGCGGT,TCAGAC
pykF,ACCACTGATAAATCTGTTAT,CGG,non-coding,95,ACTTTC,CAACAG
pykF,TGTTATCGGCAACAGCGAAA,TGG,non-coding,96,TAAATC,TTGCGG
pykF,CGGCAACAGCGAAATGGTTG,CGG,non-coding,97,TGTTAT,TAACGT
pykF,ATGGTTGCGGTAACGTATGA,AGG,non-coding,98,AGCGAA,TTTCAC
pykF,TTCACTACTGACCTGTCTGT,TGG,non-coding,99,GAAGGT,CAACAC
pykF,GTCTGTTGGCAACACCGTAC,TGG,non-coding,100,TGACCT,TTGACG
pykF,AACACCGTACTGGTTGACGA,TGG,non-coding,101,GTTGGC,TCTGAT
pykF,CTGGTTGACGATGGTCTGAT,CGG,non-coding,102,ACCGTA,TATGGA
pykF,TGACGATGGTCTGATCGGTA,TGG,non-coding,103,ACTGGT,AAGTTA
pykF,ATGGAAGTTACCGCCATTGA,AGG,non-coding,104,ATCGGT,TAACAA
pykF,ATCTGTAAAGTGCTGAACAA,CGG,non-coding,105,AAAGTT,TGACCT
pykF,AGTGCTGAACAACGGTGACC,TGG,non-coding,106,CTGTAA,GCGAAA
pykF,GTGCTGAACAACGGTGACCT,GGG,non-coding,107,TGTAAA,CGAAAA
pykF,GGTGACCTGGGCGAAAACAA,AGG,non-coding,108,AACAAC,TGTGAA
pykF,AACAAAGGTGTGAACCTGCC,TGG,non-coding,109,GGCGAA,CGTTTC
pykF,TTCCATTGCTCTGCCAGCAC,TGG,non-coding,110,TGGCGT,CTGAAA
pykF,ACTGGCTGAAAAAGACAAAC,AGG,non-coding,111,GCCAGC,ACCTGA
pykF,GACAAACAGGACCTGATCTT,TGG,non-coding,112,GAAAAA,TTGCGA
pykF,CTGATCTTTGGTTGCGAACA,AGG,non-coding,113,CAGGAC,CGTAGA
pykF,CGTGAGCACCTGAAAGCGCA,CGG,non-coding,114,GAAATC,CGGCGA
pykF,GAGCACCTGAAAGCGCACGG,CGG,non-coding,115,ATCCGT,CGAAAA
pykF,CATCTCCAAAATCGAAAACC,AGG,non-coding,116,CCACAT,AAGGCC
pykF,TCCAAAATCGAAAACCAGGA,AGG,non-coding,117,ATCATC,CCTCAA
pykF,GAAATCCTCGAAGCCTCTGA,CGG,non-coding,118,TTCGAC,CATCAT
pykF,CGAAGCCTCTGACGGCATCA,TGG,non-coding,119,AATCCT,TTGCGC
pykF,GACGGCATCATGGTTGCGCG,TGG,non-coding,120,GCCTCT,CGACCT
pykF,CATGGTTGCGCGTGGCGACC,TGG,non-coding,121,CGGCAT,GTGTAG
pykF,ATGGTTGCGCGTGGCGACCT,GGG,non-coding,122,GGCATC,TGTAGA
pykF,CGACCTGGGTGTAGAAATCC,CGG,non-coding,123,GCGTGG,TAGAAG
pykF,TATCACTGCGACCCAGATGC,TGG,non-coding,124,AGTCGT,ATTCCA
pykF,CGCCCGACTCGCGCAGAAGC,CGG,non-coding,125,AACCCA,TGACGT
pykF,GTTGCAAACGCCATCCTCGA,CGG,non-coding,126,GGTGAC,TACTGA
pykF,ACTGACGCAGTGATGCTGTC,TGG,non-coding,127,GACGGT,TGAATC
pykF,CTGTCTGGTGAATCCGCAAA,AGG,non-coding,128,GTGATG,TAAATA
pykF,CGCAAAAGGTAAATACCCGC,TGG,non-coding,129,TGAATC,AAGCGG
pykF,AGGTAAATACCCGCTGGAAG,CGG,non-coding,130,CGCAAA,TTTCTA
pykF,GCTGGAAGCGGTTTCTATCA,TGG,non-coding,131,ATACCC,CGACCA
pykF,TAAACTGCGCATTACCGAAG,CGG,non-coding,132,CAACCG,TATGCC
pykF,ATTACCGAAGCGGTATGCCG,TGG,non-coding,133,CTGCGC,TGCCGT
pykF,CGTTGAAACTGCTGAAAAAC,TGG,non-coding,134,TGGTGC,ATGCTC
pykF,ACTGGATGCTCCGCTGATCG,TGG,non-coding,135,TGAAAA,TTGCTA
pykF,GCTGATCGTGGTTGCTACTC,AGG,non-coding,136,TGCTCC,GCGGTA
pykF,CTGATCGTGGTTGCTACTCA,GGG,non-coding,137,GCTCCG,CGGTAA
pykF,ATCGTGGTTGCTACTCAGGG,CGG,non-coding,138,CCGCTG,TAAATC
pykF,CGCAGTACGTAAATACTTCC,CGG,non-coding,139,TGCTCG,ATGCCA
pykF,CTTCCCGGATGCCACCATCC,TGG,non-coding,140,TAAATA,CACTGA
pykF,ACTGACCACCAACGAAAAAA,CGG,non-coding,141,CCTGGC,CTCATC
pykF,CGAAAAAACGGCTCATCAGT,TGG,non-coding,142,CACCAA,TACTGA
pykF,CATCAGTTGGTACTGAGCAA,AGG,non-coding,143,ACGGCT,CGTTGT
pykF,TACTGATGATTTCTACCGTC,TGG,non-coding,144,CACTTC,GTAAAG
pykF,ACTGATGATTTCTACCGTCT,GGG,non-coding,145,ACTTCT,TAAAGA
pykF,CTACCGTCTGGGTAAAGAAC,TGG,non-coding,146,TGATTT,CTCTGC
pykF,AAAGAACTGGCTCTGCAGAG,CGG,non-coding,147,CTGGGT,TCTGGC
pykF,ACTGGCTCTGCAGAGCGGTC,TGG,non-coding,148,TAAAGA,CACACA
pykF,CAGAGCGGTCTGGCACACAA,AGG,non-coding,149,GCTCTG,TGACGT
pykF,CAAAGGTGACGTTGTAGTTA,TGG,non-coding,150,GGCACA,TTTCTG
pykF,GACGTTGTAGTTATGGTTTC,TGG,non-coding,151,AAAGGT,TGCACT
pykF,AGTTATGGTTTCTGGTGCAC,TGG,non-coding,152,CGTTGT,TACCGA
pykF,TCTGGTGCACTGGTACCGAG,CGG,non-coding,153,ATGGTT,CACTAC
pfkB,AAATTTTTTGCGTATCGTCA,TGG,coding,1,AAGCGT,GAGCAC
pfkB,AATTTTTTGCGTATCGTCAT,GGG,coding,2,AGCGTA,AGCACA
pfkB,ACGTGTTCCCTGATTGAGTG,TGG,coding,3,GCACAG,CTGCAC
pfkB,ACGAACCATCTCTTCAAGAG,AGG,coding,4,GCCAAA,CATTTT
pfkB,CATGCTGTCACCAGCGCCAA,CGG,coding,5,GCCGAC,TACTCT
pfkB,CACCAGCGCCAACGGTACTC,TGG,coding,6,TGCTGT,CTTTTC
pfkB,ACGGTACTCTGGCTTTTCAC,CGG,coding,7,GCGCCA,TGGTGG
pfkB,GTACTCTGGCTTTTCACCGG,TGG,coding,8,CCAACG,TGGCAC
pfkB,CTCTGGCTTTTCACCGGTGG,TGG,coding,9,ACGGTA,CACCAC
pfkB,TCAACACCCAGCGCTCCTTG,TGG,coding,10,TCACTA,ACCCAG
pfkB,CCAGCGCTCCTTGTGGACCC,AGG,coding,11,CAACAC,GAAACG
pfkB,CAGCGCTCCTTGTGGACCCA,GGG,coding,12,AACACC,AAACGA
pfkB,CAGGGAAACGACAACCCGTT,TGG,coding,13,TGGACC,CCTTGC
pfkB,GCTATTAACGATTTCCTGCG,CGG,coding,14,CTTGCC,CTTTGC
pfkB,CGATTTCCTGCGCGGCTTTG,CGG,coding,15,TATTAA,ACATCG
pfkB,GCGGCTTTGCGGACATCGTC,CGG,coding,16,TCCTGC,CTGGGT
pfkB,CTTTGCGGACATCGTCCGGC,TGG,coding,17,GCGCGG,GTGAGT
pfkB,TTTGCGGACATCGTCCGGCT,GGG,coding,18,CGCGGC,TGAGTT
pfkB,CCAGCGCACTGAGTTCTTTT,TGG,coding,19,GATTCA,TTAGGC
pfkB,GCACTGAGTTCTTTTTGGTT,AGG,coding,20,ACCAGC,CTTAAC
pfkB,CAGAACTGTCGACGATGCAG,CGG,coding,21,CTTCGC,ATCCCT
pfkB,GATCCCTTGTTTTTGCGCAG,CGG,coding,22,GCAGCG,AAATCA
pfkB,TTTGCGCAGCGGAAATCAGT,TGG,coding,23,CTTGTT,GTTAAT
pfkB,TTGCGCAGCGGAAATCAGTT,GGG,coding,24,TTGTTT,TTAATT
pfkB,AATTTTTCCAGCTTCACACC,TGG,coding,25,TGGGTT,CGGCAG
pfkB,TTTTCCAGCTTCACACCTGG,CGG,coding,26,GTTAAT,CAGGCT
pfkB,CCAGCTTCACACCTGGCGGC,AGG,coding,27,ATTTTT,CTTCCG
pfkB,GCAGGCTTCCGCTTATGACC,AGG,coding,28,CTGGCG,ATGGCC
pfkB,GCTTCCGCTTATGACCAGGA,TGG,coding,29,CGGCAG,CCCCGG
pfkB,GCTTATGACCAGGATGGCCC,CGG,coding,30,GCTTCC,ATTCAA
pfkB,CCAGAACTTGCTCTTCAAGC,TGG,coding,31,CAATTT,CGAAAC
pfkB,TCTTCATTTAATGCCGCGCC,TGG,coding,32,AACTCA,CATAAC
pfkB,CATGTACGTGTAAATTCTGC,CGG,coding,33,CTTCCA,GTCCAG
pfkB,ATGTACGTGTAAATTCTGCC,GGG,coding,34,TTCCAC,TCCAGT
pfkB,ATTCTGCCGGGTCCAGTCTT,TGG,coding,35,GTGTAA,CTTCTA
pfkB,TTTGGCTTCTACAGTAGCGA,CGG,coding,36,CCAGTC,GGACAT
pfkB,TTGGCTTCTACAGTAGCGAC,GGG,coding,37,CAGTCT,GACATT
pfkB,TGGCTTCTACAGTAGCGACG,GGG,coding,38,AGTCTT,ACATTT
pfkB,CATCCGCCAACAGTGAAACC,AGG,coding,39,CATTTT,TGTTCG
pfkB,CAGTGAAACCAGGTGTTCGC,CGG,coding,40,CGCCAA,TCGCGC
pfkB,TCGCCGGTCGCGCCACCCGC,CGG,coding,41,AGGTGT,GAAGAT
pfkB,CGCCGGTCGCGCCACCCGCC,GGG,coding,42,GGTGTT,AAGATC
pfkB,ACCCGCCGGGAAGATCGCTG,TGG,coding,43,CGCGCC,CACTGC
pfkB,CTGTGGCACTGCCTCCAAGA,TGG,coding,44,AGATCG,GCAATG
pfkB,TGTGGCACTGCCTCCAAGAT,GGG,coding,45,GATCGC,CAATGG
pfkB,ACTGCCTCCAAGATGGGCAA,TGG,coding,46,TGTGGC,CGCGGG
pfkB,CTCCAAGATGGGCAATGGCG,CGG,coding,47,CACTGC,GCGACG
pfkB,TCCAAGATGGGCAATGGCGC,GGG,coding,48,ACTGCC,CGACGT
pfkB,GACGTTGATGCCGCCGCCCC,CGG,coding,49,GCGGGC,GTTCGA
pfkB,ACGTTGATGCCGCCGCCCCC,GGG,coding,50,CGGGCG,TTCGAA
pfkB,CCGCCCCCGGGTTCGAACAC,CGG,coding,51,ATGCCG,TGCGGT
pfkB,CCCGGGTTCGAACACCGGTG,CGG,coding,52,GCCGCC,TACAGC
pfkB,GGTACAGCGCAGTTTTCCTT,CGG,coding,53,CGGTGC,GATAAA
pfkB,GTACAGCGCAGTTTTCCTTC,GGG,coding,54,GGTGCG,ATAAAT
pfkB,TTTCCTTCGGGATAAATTTG,CGG,coding,55,CGCAGT,GGTAAT
pfkB,TTCCTTCGGGATAAATTTGC,GGG,coding,56,GCAGTT,GTAATT
pfkB,TCCTTCGGGATAAATTTGCG,GGG,coding,57,CAGTTT,TAATTG
pfkB,AATTGTTGCGCTATCGAGAG,AGG,coding,58,CGGGGT,GCGCAA
pfkB,ATTGTTGCGCTATCGAGAGA,GGG,coding,59,GGGGTA,CGCAAG
pfkB,GTACCATCATTTCCTCCTAT,AGG,coding,60,AGATAC,CTGATT
pfkB,CCTATAGGCTGATTTCAGTC,TGG,coding,61,TTTCCT,CACCGA
pfkB,TCAGTCTGGCACCGAATCAG,CGG,coding,62,CTGATT,AAAGTG
pfkB,AAATTAACAATATGATTTAT,TGG,coding,63,GTGAAG,AGCTTT
pfkB,TTCTTCACTTTCCGCTGATT,CGG,non-coding,64,GTTAAT,TGCCAG
pfkB,CCAGACTGAAATCAGCCTAT,AGG,non-coding,65,TCGGTG,AGGAAA
pfkB,GACTGAAATCAGCCTATAGG,AGG,non-coding,66,GTGCCA,AAATGA
pfkB,CAGCCTATAGGAGGAAATGA,TGG,non-coding,67,TGAAAT,TACGTA
pfkB,ACCCCGCAAATTTATCCCGA,AGG,non-coding,68,ACAATT,AAAACT
pfkB,AAAACTGCGCTGTACCGCAC,CGG,non-coding,69,CGAAGG,TGTTCG
pfkB,ACCGCACCGGTGTTCGAACC,CGG,non-coding,70,CGCTGT,GGGCGG
pfkB,CCGCACCGGTGTTCGAACCC,GGG,non-coding,71,GCTGTA,GGCGGC
pfkB,CGCACCGGTGTTCGAACCCG,GGG,non-coding,72,CTGTAC,GCGGCG
pfkB,GCACCGGTGTTCGAACCCGG,GGG,non-coding,73,TGTACC,CGGCGG
pfkB,CCGGTGTTCGAACCCGGGGG,CGG,non-coding,74,ACCGCA,CGGCAT
pfkB,GTGTTCGAACCCGGGGGCGG,CGG,non-coding,75,GCACCG,CATCAA
pfkB,GCCCGCGCCATTGCCCATCT,TGG,non-coding,76,AACGTC,AGGCAG
pfkB,CGCGCCATTGCCCATCTTGG,AGG,non-coding,77,GTCGCC,CAGTGC
pfkB,CAGTGCCACAGCGATCTTCC,CGG,non-coding,78,TGGAGG,CGGGTG
pfkB,TGCCACAGCGATCTTCCCGG,CGG,non-coding,79,AGGCAG,GTGGCG
pfkB,GCCACAGCGATCTTCCCGGC,GGG,non-coding,80,GGCAGT,TGGCGC
pfkB,ACAGCGATCTTCCCGGCGGG,TGG,non-coding,81,AGTGCC,CGCGAC
pfkB,TTCCCGGCGGGTGGCGCGAC,CGG,non-coding,82,GCGATC,CGAACA
pfkB,TGGCGCGACCGGCGAACACC,TGG,non-coding,83,GGCGGG,TTTCAC
pfkB,CGAACACCTGGTTTCACTGT,TGG,non-coding,84,GACCGG,CGGATG
pfkB,ACACCTGGTTTCACTGTTGG,CGG,non-coding,85,CGGCGA,ATGAAA
pfkB,CTACTGTAGAAGCCAAAGAC,TGG,non-coding,86,CCGTCG,ACCCGG
pfkB,TAGAAGCCAAAGACTGGACC,CGG,non-coding,87,CTACTG,CAGAAT
pfkB,GCAGAATTTACACGTACATG,TGG,non-coding,88,GACCCG,AAGCAA
pfkB,CACGTACATGTGGAAGCAAG,CGG,non-coding,89,AATTTA,TGAGCA
pfkB,CAGTATCGTTTTGTTATGCC,AGG,non-coding,90,GGTGAG,CGCGGC
pfkB,TCGTTTTGTTATGCCAGGCG,CGG,non-coding,91,GCAGTA,CATTAA
pfkB,CCAGCTTGAAGAGCAAGTTC,TGG,non-coding,92,GTTTCG,AAATTG
pfkB,CAAGTTCTGGAAATTGAATC,CGG,non-coding,93,GAAGAG,GGCCAT
pfkB,AAGTTCTGGAAATTGAATCC,GGG,non-coding,94,AAGAGC,GCCATC
pfkB,AGTTCTGGAAATTGAATCCG,GGG,non-coding,95,AGAGCA,CCATCC
pfkB,AATTGAATCCGGGGCCATCC,TGG,non-coding,96,TCTGGA,TCATAA
pfkB,GGGGCCATCCTGGTCATAAG,CGG,non-coding,97,GAATCC,AAGCCT
pfkB,ATAAGCGGAAGCCTGCCGCC,AGG,non-coding,98,CTGGTC,TGTGAA
pfkB,CCTGCCGCCAGGTGTGAAGC,TGG,non-coding,99,CGGAAG,AAAAAT
pfkB,ATTTCCGCTGCGCAAAAACA,AGG,non-coding,100,CAACTG,GATCCG
pfkB,TTTCCGCTGCGCAAAAACAA,GGG,non-coding,101,AACTGA,ATCCGC
pfkB,CGCTGCATCGTCGACAGTTC,TGG,non-coding,102,GGGATC,CGAAGC
pfkB,CGAAGCGTTAAGTGCAGCAC,TGG,non-coding,103,TTCTGG,CAATTG
pfkB,TTAAGTGCAGCACTGGCAAT,TGG,non-coding,104,GAAGCG,TAACAT
pfkB,GGCAATTGGTAACATCGAGT,TGG,non-coding,105,AGCACT,TTAAGC
pfkB,CCAAAAAGAACTCAGTGCGC,TGG,non-coding,106,GCCTAA,TGAATC
pfkB,GAATCGCGAACTCACCCAGC,CGG,non-coding,107,GCTGGT,ACGATG
pfkB,CGATGTCCGCAAAGCCGCGC,AGG,non-coding,108,GCCGGA,AAATCG
pfkB,GCGCAGGAAATCGTTAATAG,CGG,non-coding,109,AAAGCC,CAAGGC
pfkB,GGAAATCGTTAATAGCGGCA,AGG,non-coding,110,CGCGCA,CCAAAC
pfkB,TTAATAGCGGCAAGGCCAAA,CGG,non-coding,111,AAATCG,GTTGTC
pfkB,TAATAGCGGCAAGGCCAAAC,GGG,non-coding,112,AATCGT,TTGTCG
pfkB,CAAACGGGTTGTCGTTTCCC,TGG,non-coding,113,CAAGGC,GTCCAC
pfkB,AAACGGGTTGTCGTTTCCCT,GGG,non-coding,114,AAGGCC,TCCACA
pfkB,GTCGTTTCCCTGGGTCCACA,AGG,non-coding,115,CGGGTT,AGCGCT
pfkB,CCTGGGTCCACAAGGAGCGC,TGG,non-coding,116,CGTTTC,GTGTTG
pfkB,CTGGGTCCACAAGGAGCGCT,GGG,non-coding,117,GTTTCC,TGTTGA
pfkB,TGATAGTGAAAACTGTATTC,AGG,non-coding,118,GGGTGT,TGGTGC
pfkB,TAGTGAAAACTGTATTCAGG,TGG,non-coding,119,TGTTGA,TGCCAC
pfkB,TATTCAGGTGGTGCCACCAC,CGG,non-coding,120,AAACTG,TGAAAA
pfkB,GTGAAAAGCCAGAGTACCGT,TGG,non-coding,121,CCACCG,CGCTGG
pfkB,AGCCAGAGTACCGTTGGCGC,TGG,non-coding,122,GTGAAA,TGACAG
pfkB,CGTTGGCGCTGGTGACAGCA,TGG,non-coding,123,GAGTAC,TCGGCG
pfkB,GGCGCTGGTGACAGCATGGT,CGG,non-coding,124,ACCGTT,CGCGAT
pfkB,CGGCGCGATGACACTGAAAC,TGG,non-coding,125,CATGGT,CAGAAA
pfkB,AAATGCCTCTCTTGAAGAGA,TGG,non-coding,126,GGCAGA,TTCGTT
pfkB,CTTGAAGAGATGGTTCGTTT,TGG,non-coding,127,GCCTCT,CGTAGC
pfkB,GGTTCGTTTTGGCGTAGCTG,CGG,non-coding,128,AGAGAT,GGAGTG
pfkB,GTTCGTTTTGGCGTAGCTGC,GGG,non-coding,129,GAGATG,GAGTGC
pfkB,TTCGTTTTGGCGTAGCTGCG,GGG,non-coding,130,AGATGG,AGTGCA
pfkB,GAGTGCAGCCACACTCAATC,AGG,non-coding,131,TGCGGG,GAACAC
pfkB,AGTGCAGCCACACTCAATCA,GGG,non-coding,132,GCGGGG,AACACG
pykA,CTCTACCGTTAAAATACGCG,TGG,coding,1,TTA,TATTAG
pykA,CGTGGTATTAGTAGAACCCA,CGG,coding,2,AATACG,TACTCA
pykA,CGGTACTCATCACGTCGCCC,TGG,coding,3,AACCCA,GTGACA
pykA,GGTACTCATCACGTCGCCCT,GGG,coding,4,ACCCAC,TGACAA
pykA,CGCCCTGGGTGACAATCACC,AGG,coding,5,TCACGT,TCACCA
pykA,CAGCAGATTAACCGCTTCGC,TGG,coding,6,ATCGCG,CAGCTG
pykA,TTAGCGCTATCAAAGTGCAC,CGG,coding,7,CCGTCA,CGTAAC
pykA,CGCCACGATAGAGAGCAGTC,AGG,coding,8,GCGTAA,TTCAGC
pykA,TCAGGTTCAGCGTACGTTCA,TGG,coding,9,GAGCAG,CGCGAC
pykA,CGTACGTTCATGGCGCGACA,TGG,coding,10,GTTCAG,CGAAAA
pykA,TGGCGCGACATGGCGAAAAT,TGG,coding,11,CGTTCA,CAGACC
pykA,TTGGCAGACCAGAGCTGATA,CGG,coding,12,CGAAAA,GAGGTC
pykA,TGGCAGACCAGAGCTGATAC,GGG,coding,13,GAAAAT,AGGTCA
pykA,CAGACCAGAGCTGATACGGG,AGG,coding,14,AATTGG,TCATCA
pykA,GATACGGGAGGTCATCAGCG,CGG,coding,15,AGAGCT,TACGAC
pykA,CAGCGCGGTACGACCCGATT,CGG,coding,16,GGTCAT,TCATGG
pykA,GGTACGACCCGATTCGGTCA,TGG,coding,17,CAGCGC,TGATGA
pykA,TGATCGCCGTAACGCCTTTC,AGG,coding,18,TGGTGA,TGGTTA
pykA,TCGCCGTAACGCCTTTCAGG,TGG,coding,19,TGATGA,TTAGCT
pykA,AGCTGCGTACATTGCTGACA,TGG,coding,20,GTGGTT,CAATAG
pykA,TGTCGAACTGAACGTCCAGA,CGG,coding,21,CCACAT,TGTTTA
pykA,TGTTTAGAAACGTTGATGCT,CGG,coding,22,AGACGG,GATTTT
pykA,GTTTAGAAACGTTGATGCTC,GGG,coding,23,GACGGT,ATTTTT
pykA,TCGGGATTTTTTCCGCACCC,AGG,coding,24,TGATGC,CAAACG
pykA,ACCCAGGCAAACGCGCGCCA,TGG,coding,25,TTCCGC,CTGCAA
pykA,AACGCGCGCCATGGCTGCAA,CGG,coding,26,CAGGCA,TTTCTG
pykA,ATGGCTGCAACGGTTTCTGA,CGG,coding,27,CGCGCC,ATACTG
pykA,TTCTGACGGATACTGCCCAG,CGG,coding,28,AACGGT,CAGTTT
pykA,AGCGTCAGTACCATCCAGAA,CGG,coding,29,CATCAC,CGTTTG
pykA,TCCATGACTTCTGCACGCGT,CGG,coding,30,GCTACG,CATCGG
pykA,ACTTCTGCACGCGTCGGCAT,CGG,coding,31,TCCATG,GTTAGT
pykA,CTTCTGCACGCGTCGGCATC,GGG,coding,32,CCATGA,TTAGTA
pykA,TAATCATTGACTCCATCATC,TGG,coding,33,GGTTAG,GTCGCC
pykA,AATCATTGACTCCATCATCT,GGG,coding,34,GTTAGT,TCGCCG
pykA,GGGTCGCCGTGATTACCGCT,CGG,coding,35,TCATCT,TTTAGC
pykA,GGTTTAGCTGACGCGCACGA,CGG,coding,36,CCGCTC,ATCAAC
pykA,TTCTGAATGCCGACCAGTTC,CGG,coding,37,AACGCT,GTCGCC
pykA,TCTGAATGCCGACCAGTTCC,GGG,coding,38,ACGCTT,TCGCCA
pykA,GGTCGCCAATTTCCACACCG,AGG,coding,39,GTTCCG,TCGCCA
pykA,TGCAACCATTACCACGTCAG,AGG,coding,40,GCCACG,CGAGGA
pykA,CCATTACCACGTCAGAGGCG,AGG,coding,41,GTGCAA,ATGATG
pykA,TGATGTCATCCATTGCATCC,TGG,coding,42,CGAGGA,CTGCAA
pykA,CATTGCATCCTGGCTGCAAA,CGG,coding,43,GTCATC,CTTCCG
pykA,GGCTTCCGCACGTTCAACCT,TGG,coding,44,GCAAAC,CAACAA
pykA,CACATCCTGCATCGCGTGCC,AGG,coding,45,TCGCAT,CGACGG
pykA,CTGCATCGCGTGCCAGGCGA,CGG,coding,46,CACATC,GCATAG
pykA,TGCATCGCGTGCCAGGCGAC,GGG,coding,47,ACATCC,CATAGT
pykA,TTCAGATCTTCGCCACAGCG,TGG,coding,48,GCATAG,GAAGGA
pykA,TCAGATCTTCGCCACAGCGT,GGG,coding,49,CATAGT,AAGGAG
pykA,ATCTTCGCCACAGCGTGGGA,AGG,coding,50,GTTCAG,AGACAG
pykA,AGCGTGGGAAGGAGACAGCC,AGG,coding,51,CGCCAC,TAATCT
pykA,AATGTCTGCTTTGTCTTTTT,CGG,coding,52,AGTCTT,TCAGCG
pykA,TTTGTTGATACCTTTATTGT,TGG,coding,53,GCCAAG,AGAGGG
pykA,TGATACCTTTATTGTTGGAG,AGG,coding,54,GTTTGT,GGACCA
pykA,GATACCTTTATTGTTGGAGA,GGG,coding,55,TTTGTT,GACCAC
pykA,ATACCTTTATTGTTGGAGAG,GGG,coding,56,TTGTTG,ACCACC
pykA,GTTGGAGAGGGGACCACCGA,CGG,coding,57,TTTATT,TGACTT
pykA,GGGACCACCGACGGTGACTT,CGG,coding,58,GGAGAG,TGAACA
pykA,GAACTTCCAGTACTTTTAAC,TGG,coding,59,TGCCCT,ACGCGA
pykA,CGCGACCATCGTCCAGCAGC,AGG,coding,60,ACTGGA,ATGTCA
pykA,TCCAGCAGCAGGATGTCACC,AGG,coding,61,CCATCG,CACGAC
pykA,TCACCAGGCACGACGTCAGC,AGG,coding,62,AGGATG,CAGGCC
pykA,CAGGCACGACGTCAGCAGGC,AGG,coding,63,TGTCAC,CCTTTG
pykA,TGTCGCCTTCACCTTTACCC,AGG,coding,64,TTTCTT,TTGGCG
pykA,GCCTTCACCTTTACCCAGGT,TGG,coding,65,TTTGTC,CGTCGA
pykA,TACCCAGGTTGGCGTCGAGC,AGG,coding,66,CACCTT,AATTTA
pykA,GGAATTTATCCCCAATATTG,AGG,coding,67,CGAGCA,AAAACT
pykA,GAAAACTTTGCCTTCTTTAA,AGG,coding,68,ATTGAG,TGGATA
pykA,AACTTTGCCTTCTTTAAAGG,TGG,coding,69,GAGGAA,ATACAC
pykA,CTTCTTTAAAGGTGGATACA,CGG,coding,70,CTTTGC,ATTTTG
pykA,AAAGGTGGATACACGGATTT,TGG,coding,71,TTCTTT,GCCCCT
pykA,AAGGTGGATACACGGATTTT,GGG,coding,72,TCTTTA,CCCCTG
pykA,ATACACGGATTTTGGGCCCC,TGG,coding,73,AGGTGG,AGGTCA
pykA,CACGGATTTTGGGCCCCTGG,AGG,coding,74,TGGATA,TCACCC
pykA,CACATGACGCCCCAGTTTTG,CGG,coding,75,AATAGC,CAATCT
pykA,GCGCGCATTTTGTGATCTTC,AGG,coding,76,TTATCC,CGAGCC
pykA,AAAGTTCATACGTACAACGT,TGG,coding,77,GTGAGA,CACCCG
pykA,TTATTATCGCGATCTGTTGC,TGG,coding,78,TCAAGA,GCCTAA
pykA,TATTATCGCGATCTGTTGCT,GGG,coding,79,CAAGAT,CCTAAC
pykA,ATCTGTTGCTGGGCCTAACG,TGG,coding,80,ATCGCG,TAACGA
pykA,TTTTGTTCTGCGAAGCCTTC,TGG,coding,81,AACGAT,ACATGT
pykA,CTCCGTTGACTGAAACAACC,AGG,coding,82,GTAATA,TGTTGC
pykA,CGAATGAAATAACGCCGCGA,TGG,coding,83,GAAATC,CGATAA
pykA,GGCGATAAATTAATCTCATT,CGG,coding,84,CGCGAT,ATGTCG
pykA,AGATTAATTTATCGCCATCG,CGG,non-coding,85,CGAATG,CGTTAT
pykA,CATCGCGGCGTTATTTCATT,CGG,non-coding,86,TATCGC,ATTTCA
pykA,TTTCATGTTCAAGCAACACC,TGG,non-coding,87,TTCGGA,TTGTTT
pykA,CACCTGGTTGTTTCAGTCAA,CGG,non-coding,88,AAGCAA,AGTATT
pykA,CGGAGTATTACATGTCCAGA,AGG,non-coding,89,AGTCAA,CTTCGC
pykA,ACAAAAATCGTTACCACGTT,AGG,non-coding,90,CGCAGA,CCCAGC
pykA,TAATCTTGAAAAAGTTATCG,CGG,non-coding,91,CGATAA,CGGGTG
pykA,TCTTGAAAAAGTTATCGCGG,CGG,non-coding,92,TAATAA,GTGCCA
pykA,CTTGAAAAAGTTATCGCGGC,GGG,non-coding,93,AATAAT,TGCCAA
pykA,GTACGTATGAACTTTTCTCA,CGG,non-coding,94,AACGTT,CTCGCC
pykA,TGAAGATCACAAAATGCGCG,CGG,non-coding,95,CTCGCC,ATAAAG
pykA,TCGTGAGATTGCCGCAAAAC,TGG,non-coding,96,TAAAGT,GGCGTC
pykA,CGTGAGATTGCCGCAAAACT,GGG,non-coding,97,AAAGTT,GCGTCA
pykA,GTGAGATTGCCGCAAAACTG,GGG,non-coding,98,AAGTTC,CGTCAT
pykA,CGCAAAACTGGGGCGTCATG,TGG,non-coding,99,GATTGC,CTATTC
pykA,GGGGCGTCATGTGGCTATTC,TGG,non-coding,100,AAAACT,GTGACC
pykA,GGGCGTCATGTGGCTATTCT,GGG,non-coding,101,AAACTG,TGACCT
pykA,GGCTATTCTGGGTGACCTCC,AGG,non-coding,102,TCATGT,GGCCCA
pykA,GCTATTCTGGGTGACCTCCA,GGG,non-coding,103,CATGTG,GCCCAA
pykA,CTATTCTGGGTGACCTCCAG,GGG,non-coding,104,ATGTGG,CCCAAA
pykA,CGTGTATCCACCTTTAAAGA,AGG,non-coding,105,AAAATC,CAAAGT
pykA,GGCAAAGTTTTCCTCAATAT,TGG,non-coding,106,AAAGAA,GGATAA
pykA,GCAAAGTTTTCCTCAATATT,GGG,non-coding,107,AAGAAG,GATAAA
pykA,CAAAGTTTTCCTCAATATTG,GGG,non-coding,108,AGAAGG,ATAAAT
pykA,ATTCCTGCTCGACGCCAACC,TGG,non-coding,109,GGATAA,GTAAAG
pykA,TTCCTGCTCGACGCCAACCT,GGG,non-coding,110,GATAAA,TAAAGG
pykA,CTCGACGCCAACCTGGGTAA,AGG,non-coding,111,TTCCTG,TGAAGG
pykA,GCCAACCTGGGTAAAGGTGA,AGG,non-coding,112,CTCGAC,CGACAA
pykA,GAAGGCGACAAAGAAAAAGT,CGG,non-coding,113,AAAGGT,TATCGA
pykA,AAAGTCGGTATCGACTACAA,AGG,non-coding,114,AAAGAA,CCTGCC
pykA,CTGCCTGCTGACGTCGTGCC,TGG,non-coding,115,AAAGGC,TGACAT
pykA,GCCTGGTGACATCCTGCTGC,TGG,non-coding,116,CGTCGT,ACGATG
pykA,GACATCCTGCTGCTGGACGA,TGG,non-coding,117,CCTGGT,TCGCGT
pykA,TCGCGTCCAGTTAAAAGTAC,TGG,non-coding,118,CGATGG,AAGTTC
pykA,GTTAAAAGTACTGGAAGTTC,AGG,non-coding,119,CGTCCA,GCATGA
pykA,TTAAAAGTACTGGAAGTTCA,GGG,non-coding,120,GTCCAG,CATGAA
pykA,GTGTTCACCGAAGTCACCGT,CGG,non-coding,121,ATGAAA,TGGTCC
pykA,TTCACCGAAGTCACCGTCGG,TGG,non-coding,122,AAAGTG,TCCCCT
pykA,GGTCCCCTCTCCAACAATAA,AGG,non-coding,123,GTCGGT,TATCAA
pykA,AATAAAGGTATCAACAAACT,TGG,non-coding,124,TCCAAC,CGGCGG
pykA,AAAGGTATCAACAAACTTGG,CGG,non-coding,125,AACAAT,CGGTTT
pykA,GGTATCAACAAACTTGGCGG,CGG,non-coding,126,AATAAA,TTTGTC
pykA,CAAACTTGGCGGCGGTTTGT,CGG,non-coding,127,TATCAA,CTGAAG
pykA,CAAAGCAGACATTAAGACTG,CGG,non-coding,128,AAAAGA,CGTTGA
pykA,ATTAAGACTGCGGCGTTGAT,TGG,non-coding,129,GCAGAC,CGTAGA
pykA,GTTGATTGGCGTAGATTACC,TGG,non-coding,130,TGCGGC,CTGTCT
pykA,GCTGTCTCCTTCCCACGCTG,TGG,non-coding,131,TACCTG,CGAAGA
pykA,TCTGAACTATGCCCGTCGCC,TGG,non-coding,132,CGAAGA,CACGCG
pykA,CGTCGCCTGGCACGCGATGC,AGG,non-coding,133,TATGCC,ATGTGA
pykA,TGATGCGAAAATTGTTGCCA,AGG,non-coding,134,AGGATG,TTGAAC
pykA,TGTTGCCAAGGTTGAACGTG,CGG,non-coding,135,GAAAAT,AAGCCG
pykA,TGCGGAAGCCGTTTGCAGCC,AGG,non-coding,136,TGAACG,ATGCAA
pykA,CGTTTGCAGCCAGGATGCAA,TGG,non-coding,137,GGAAGC,ATGACA
pykA,CATCATCCTCGCCTCTGACG,TGG,non-coding,138,GGATGA,TAATGG
pykA,CCTCGCCTCTGACGTGGTAA,TGG,non-coding,139,CATCAT,TTGCAC
pykA,GACGTGGTAATGGTTGCACG,TGG,non-coding,140,GCCTCT,CGACCT
pykA,ATGGTTGCACGTGGCGACCT,CGG,non-coding,141,GTGGTA,TGTGGA
pykA,TGCACGTGGCGACCTCGGTG,TGG,non-coding,142,AATGGT,AAATTG
pykA,GGCGACCTCGGTGTGGAAAT,TGG,non-coding,143,GCACGT,CGACCC
pykA,CGGTGTGGAAATTGGCGACC,CGG,non-coding,144,CGACCT,AACTGG
pykA,GGAAATTGGCGACCCGGAAC,TGG,non-coding,145,CGGTGT,TCGGCA
pykA,ATTGGCGACCCGGAACTGGT,CGG,non-coding,146,GTGGAA,CATTCA
pykA,TGCGCGTCAGCTAAACCGAG,CGG,non-coding,147,CCGTCG,TAATCA
pykA,GCTAAACCGAGCGGTAATCA,CGG,non-coding,148,GCGTCA,CGACCC
pykA,AATCACGGCGACCCAGATGA,TGG,non-coding,149,AGCGGT,AGTCAA
pykA,GCCGACGCGTGCAGAAGTCA,TGG,non-coding,150,CCCGAT,ACGTAG
pykA,GGACGTAGCAAACGCCGTTC,TGG,non-coding,151,AGTCAT,ATGGTA
pykA,GTAGCAAACGCCGTTCTGGA,TGG,non-coding,152,ATGGAC,TACTGA
pykA,CTGTCTGCAGAAACTGCCGC,TGG,non-coding,153,GTGATG,GCAGTA
pykA,TGTCTGCAGAAACTGCCGCT,GGG,non-coding,154,TGATGC,CAGTAT
pykA,GTCAGAAACCGTTGCAGCCA,TGG,non-coding,155,GTATCC,CGCGCG
pykA,AGCCATGGCGCGCGTTTGCC,TGG,non-coding,156,CGTTGC,GTGCGG
pykA,GCCATGGCGCGCGTTTGCCT,GGG,non-coding,157,GTTGCA,TGCGGA
pykA,GGCGCGCGTTTGCCTGGGTG,CGG,non-coding,158,AGCCAT,AAAAAA
pykA,CAACGTTTCTAAACACCGTC,TGG,non-coding,159,GAGCAT,ACGTTC
pykA,GGACGTTCAGTTCGACAATG,TGG,non-coding,160,CCGTCT,AAGAAG
pykA,TACGCAGCTAACCACCTGAA,AGG,non-coding,161,GCAATG,CGTTAC
pykA,TAACCACCTGAAAGGCGTTA,CGG,non-coding,162,CGCAGC,CGATCA
pykA,GATCATCACCATGACCGAAT,CGG,non-coding,163,TACGGC,GTCGTA
pykA,ATCATCACCATGACCGAATC,GGG,non-coding,164,ACGGCG,TCGTAC
pykA,ATGACCTCCCGTATCAGCTC,TGG,non-coding,165,GCGCTG,TCTGCC
pykA,AACCTGACTGCTCTCTATCG,TGG,non-coding,166,ACGCTG,CGTTAC
pykA,TCTCTATCGTGGCGTTACGC,CGG,non-coding,167,GACTGC,TGCACT
pykA,CACTTTGATAGCGCTAATGA,CGG,non-coding,168,CCGGTG,CGTAGC
pykA,CGTAGCAGCTGCCAGCGAAG,CGG,non-coding,169,TGACGG,TTAATC
pykA,GTTAATCTGCTGCGCGATAA,AGG,non-coding,170,GAAGCG,TTACTT
pykA,GATAAAGGTTACTTGATGTC,TGG,non-coding,171,CTGCGC,TGACCT
pykA,TTACTTGATGTCTGGTGACC,TGG,non-coding,172,TAAAGG,TGATTG
pykA,TGACCTGGTGATTGTCACCC,AGG,non-coding,173,GTCTGG,GCGACG
pykA,GACCTGGTGATTGTCACCCA,GGG,non-coding,174,TCTGGT,CGACGT
pykA,GGGCGACGTGATGAGTACCG,TGG,non-coding,175,CACCCA,GTTCTA
pykA,GGCGACGTGATGAGTACCGT,GGG,non-coding,176,ACCCAG,TTCTAC
pykA,TAATACCACGCGTATTTTAA,CGG,non-coding,177,TTCTAC,TAGAGT
gpmM,GGCTTACCAGTCATCTCTTG,CGG,coding,1,AACAGC,GATTTC
gpmM,GCTTACCAGTCATCTCTTGC,GGG,coding,2,ACAGCG,ATTTCC
gpmM,CATACCCATCAGCGACAACA,TGG,coding,3,GATTTC,TCGGCG
gpmM,CCCATCAGCGACAACATGGT,CGG,coding,4,TCCATA,CGCGAT
gpmM,TTATCACCAACGTAAATCAG,CGG,coding,5,ACGTTC,AACTGG
gpmM,CCAACGTAAATCAGCGGAAC,TGG,coding,6,TTATCA,CAGGTT
gpmM,CGTAAATCAGCGGAACTGGC,AGG,coding,7,CACCAA,TTGGTG
gpmM,AATCAGCGGAACTGGCAGGT,TGG,coding,8,AACGTA,TGTGTG
gpmM,GTGTGTGCCTGACCCGTTGC,CGG,coding,9,TGTGCC,ATCGCG
gpmM,GCATCTGCTCAGCGTTACCG,TGG,coding,10,GATCGC,TCAGCG
gpmM,CTCAGCGTTACCGTGGTCAG,CGG,coding,11,CATCTG,TGATCA
gpmM,GATCAGCAGTTGTCCACCCA,CGG,coding,12,AGCGGT,ACTCAA
gpmM,AACCGCCGCTTCCATCACCC,CGG,coding,13,CGCTTT,TGTGAC
gpmM,TGACCTACCATGTCGCCGTT,CGG,coding,14,CCGGTG,ATAGTT
gpmM,GTTCGGATAGTTACAGATGA,TGG,coding,15,GTCGCC,TGTCGT
gpmM,GTCGTATTTGCCGCTCTTGA,TGG,coding,16,GATGGT,CCGCAA
gpmM,GATGGCCGCAACCAGTTTTT,CGG,coding,17,GCTCTT,TCAGCT
gpmM,CAGTTTTTCGGTCAGCTCTG,CGG,coding,18,CGCAAC,AGCTCA
gpmM,AGCTCTGCGGAGCTCATTTC,CGG,coding,19,TCGGTC,TTGCAG
gpmM,CATTTCCGGTTGCAGATCGT,AGG,coding,20,GGAGCT,TAGCCA
gpmM,AGATCGTAGGTAGCCACTTT,CGG,coding,21,GGTTGC,TGAGTT
gpmM,CGTTGAAGAAGAAAGTAACG,TGG,coding,22,CGCCAC,GCATAT
gpmM,GTTGAAGAAGAAAGTAACGT,GGG,coding,23,GCCACC,CATATT
gpmM,AGTAACGTGGGCATATTTTT,CGG,coding,24,GAAGAA,TTTCGG
gpmM,GTGGGCATATTTTTCGGTTT,CGG,coding,25,AGTAAC,AAATAC
gpmM,TTTCGCCATCCACTCGCCGA,AGG,coding,26,GTCGTT,TGTTAA
gpmM,ACTCGCCGAAGGTGTTAACC,AGG,coding,27,CCATCC,GAAGCG
gpmM,CTCGCCGAAGGTGTTAACCA,GGG,coding,28,CATCCA,AAGCGG
gpmM,GAAGGTGTTAACCAGGGAAG,CGG,coding,29,CTCGCC,GTGGGT
gpmM,AAGGTGTTAACCAGGGAAGC,GGG,coding,30,TCGCCG,TGGGTA
gpmM,GTGTTAACCAGGGAAGCGGG,TGG,coding,31,CCGAAG,GTAAGC
gpmM,TGTTAACCAGGGAAGCGGGT,GGG,coding,32,CGAAGG,TAAGCA
gpmM,AACCGCAGTTTTGATGTCAG,CGG,coding,33,GTAAGC,CGTATT
gpmM,TTTGATGTCAGCGGCGTATT,CGG,coding,34,CGCAGT,TCAGCA
gpmM,CACGAGTGATTTCACGCGCG,CGG,coding,35,CGAAAG,TCAGCA
gpmM,TTTCACGCGCGCGGTCAGCA,CGG,coding,36,GAGTGA,AAGTTC
gpmM,CCGTCTTCCATTGCCGCGTC,TGG,coding,37,GCATCG,CTGACC
gpmM,CGTCTGGCTGACCTTCAGCA,CGG,coding,38,TTGCCG,ATAACG
gpmM,CTGACCTTCAGCACGGATAA,CGG,coding,39,GTCTGG,TCGCTT
gpmM,AGCAGCCTGCAAACCAGCAA,CGG,coding,40,AGCATA,CGGTAT
gpmM,AGCCTGCAAACCAGCAACGG,CGG,coding,41,ATAAGC,TATCGG
gpmM,CAAACCAGCAACGGCGGTAT,CGG,coding,42,AGCCTG,CCTGGA
gpmM,CAGCAACGGCGGTATCGGCC,TGG,coding,43,GCAAAC,AACTCG
gpmM,CGCCCTGCGCCAGAGTCAGC,AGG,coding,44,GGAACT,TCATAA
gpmM,CTTTTTCTACGCGATCCCAA,CGG,coding,45,CATAAG,TTATCG
gpmM,CGCGATCCCAACGGTTATCG,CGG,coding,46,TTTCTA,TCCATC
gpmM,CGCGTAGTAACGACCAATGA,TGG,coding,47,GTCCAT,ACGCTA
gpmM,GACCAATGATGGACGCTACG,CGG,coding,48,AGTAAC,CCTTTG
gpmM,TACGCGGCCTTTGCCCAGCG,CGG,coding,49,GGACGC,CAAATT
gpmM,TTCTTCGAATTTTTTCAGCG,AGG,coding,50,AAATTT,ATTCAG
gpmM,AGCGAGGATTCAGCACTGCG,CGG,coding,51,TTTTTC,CGGAGT
gpmM,GAGGATTCAGCACTGCGCGG,CGG,coding,52,TTCAGC,AGTGTC
gpmM,GCGGAGTGTCGCGACCGTCA,AGG,coding,53,TGCGCG,AATGCG
gpmM,GACCGTCAAGGAATGCGTGC,AGG,coding,54,TGTCGC,TAGATT
gpmM,TCGCCATGATGTGATCTTCG,TGG,coding,55,CTACCA,CTGTGT
gpmM,GTGGCTGTGTACGCCGCCTG,CGG,coding,56,ATCTTC,AGAGCA
gpmM,TCTACCGCGCCAGTCAGCAC,CGG,coding,57,GCTTTA,ATTAGC
gpmM,TTTCAACGTCCAGACGAGTC,AGG,coding,58,CTTTGA,TCCTGA
gpmM,TCAGGTCCTGATACACGATG,CGG,coding,59,GACGAG,CCGGCA
gpmM,GTCCTGATACACGATGCGGC,CGG,coding,60,AGTCAG,CACCCA
gpmM,ACACGATGCGGCCGGCACCC,AGG,coding,61,CCTGAT,TTAACG
gpmM,GGCCGGCACCCAGGTTAACG,TGG,coding,62,CGATGC,CCTACT
gpmM,CAGGTTAACGTGGCCTACTT,CGG,coding,63,GGCACC,AGTTAC
gpmM,CTTCGGAGTTACCCATCTGA,CGG,coding,64,GGCCTA,TCAGGC
gpmM,GAGTTACCCATCTGACGGTC,AGG,coding,65,ACTTCG,CAGACC
gpmM,AGGCAGACCGACTTCCAGAC,CGG,coding,66,ACGGTC,AAGCGT
gpmM,CCAGACCGGAAGCGTCGATT,AGG,coding,67,CGACTT,GTATGC
gpmM,CAGACCGGAAGCGTCGATTA,GGG,coding,68,GACTTC,TATGCG
gpmM,GAAGCGTCGATTAGGGTATG,CGG,coding,69,AGACCG,ACGATT
gpmM,GATTAGGGTATGCGGACGAT,TGG,coding,70,AGCGTC,CCCACA
gpmM,GCCCACAGTGCATCCATTAC,CGG,coding,71,CGATTG,GGTTTT
gpmM,CCCACAGTGCATCCATTACC,GGG,coding,72,GATTGG,GTTTTA
gpmM,CCACAGTGCATCCATTACCG,GGG,coding,73,ATTGGC,TTTTAG
gpmM,CGGGGTTTTAGCACTAAAAA,TGG,coding,74,CATTAC,CGTTAT
gpmM,TCCAGAATCACCAGTACCAT,AGG,coding,75,TAGCCA,TTTTTT
gpmM,TCAAAATATACGACCGCTCG,CGG,coding,76,TGAAGA,C
gpmM,TCGTATATTTTGATCTTCAG,AGG,non-coding,77,GAGCGG,CTATTT
gpmM,AATTTTGACTCTTGAGTATG,AGG,non-coding,78,TACGCA,TTGTCG
gpmM,GTATGAGGTTGTCGCAATGT,TGG,non-coding,79,TCTTGA,TTTCTA
gpmM,GTTGGTTTCTAAAAAACCTA,TGG,non-coding,80,CGCAAT,TACTGG
gpmM,TTCTAAAAAACCTATGGTAC,TGG,non-coding,81,GTTGGT,TGATTC
gpmM,ACCTATGGTACTGGTGATTC,TGG,non-coding,82,TAAAAA,ATGGCT
gpmM,ATGGTACTGGTGATTCTGGA,TGG,non-coding,83,AAACCT,CTATGG
gpmM,CTGGTGATTCTGGATGGCTA,TGG,non-coding,84,ATGGTA,CTATCG
gpmM,TGGCTATCGCGAAGAACAGC,AGG,non-coding,85,TGGCTA,ATAACG
gpmM,CATTTTTAGTGCTAAAACCC,CGG,non-coding,86,TAACGC,TAATGG
gpmM,TAGTGCTAAAACCCCGGTAA,TGG,non-coding,87,CATTTT,ATGCAC
gpmM,CCCCGGTAATGGATGCACTG,TGG,non-coding,88,CTAAAA,GCCAAT
gpmM,CCCGGTAATGGATGCACTGT,GGG,non-coding,89,TAAAAC,CCAATC
gpmM,CATACCCTAATCGACGCTTC,CGG,non-coding,90,CGTCCG,TCTGGA
gpmM,CCTAATCGACGCTTCCGGTC,TGG,non-coding,91,GCATAC,AAGTCG
gpmM,GACGCTTCCGGTCTGGAAGT,CGG,non-coding,92,CTAATC,TCTGCC
gpmM,CGGTCTGCCTGACCGTCAGA,TGG,non-coding,93,GGAAGT,GTAACT
gpmM,GGTCTGCCTGACCGTCAGAT,GGG,non-coding,94,GAAGTC,TAACTC
gpmM,CAGATGGGTAACTCCGAAGT,AGG,non-coding,95,GACCGT,CCACGT
gpmM,CGAAGTAGGCCACGTTAACC,TGG,non-coding,96,TAACTC,GTGCCG
gpmM,GAAGTAGGCCACGTTAACCT,GGG,non-coding,97,AACTCC,TGCCGG
gpmM,GGCCACGTTAACCTGGGTGC,CGG,non-coding,98,GAAGTA,CCGCAT
gpmM,TGCCGGCCGCATCGTGTATC,AGG,non-coding,99,CCTGGG,ACCTGA
gpmM,GTATCAGGACCTGACTCGTC,TGG,non-coding,100,CATCGT,ACGTTG
gpmM,TCGCGCTTTCTTTGCTAATC,CGG,non-coding,101,CAAAGA,TGCTGA
gpmM,TTTGCTAATCCGGTGCTGAC,TGG,non-coding,102,GCTTTC,CGCGGT
gpmM,TAATCCGGTGCTGACTGGCG,CGG,non-coding,103,CTTTGC,TAGATA
gpmM,GTAGATAAAGCGAAAAACGC,AGG,non-coding,104,GGCGCG,CAAAGC
gpmM,AGCGAAAAACGCAGGCAAAG,CGG,non-coding,105,AGATAA,TACACA
gpmM,AGGCAAAGCGGTACACATTA,TGG,non-coding,106,AAACGC,GTCTGC
gpmM,GGCAAAGCGGTACACATTAT,GGG,non-coding,107,AACGCA,TCTGCT
gpmM,ATTATGGGTCTGCTCTCCGC,AGG,non-coding,108,GTACAC,CGGCGT
gpmM,ATGGGTCTGCTCTCCGCAGG,CGG,non-coding,109,CACATT,CGTACA
gpmM,CAGCCACGAAGATCACATCA,TGG,non-coding,110,CGTACA,CGATGG
gpmM,CGAAGATCACATCATGGCGA,TGG,non-coding,111,CAGCCA,TAGAAC
gpmM,CATCATGGCGATGGTAGAAC,TGG,non-coding,112,AGATCA,CAGCTG
gpmM,GTAGAACTGGCAGCTGAACG,CGG,non-coding,113,GCGATG,CGCAGA
gpmM,TACCTGCACGCATTCCTTGA,CGG,non-coding,114,AAAATC,TCGCGA
gpmM,CGAAGAAAAATTTGCCGCGC,TGG,non-coding,115,AAAATT,GCAAAG
gpmM,GAAGAAAAATTTGCCGCGCT,GGG,non-coding,116,AAATTC,CAAAGG
gpmM,AAATTTGCCGCGCTGGGCAA,AGG,non-coding,117,GAAGAA,CCGCGT
gpmM,GGCCGCGTAGCGTCCATCAT,TGG,non-coding,118,GGCAAA,TCGTTA
gpmM,CATTGGTCGTTACTACGCGA,TGG,non-coding,119,GTCCAT,ACCGCG
gpmM,CGATGGACCGCGATAACCGT,TGG,non-coding,120,ACTACG,GATCGC
gpmM,GATGGACCGCGATAACCGTT,GGG,non-coding,121,CTACGC,ATCGCG
gpmM,AGCTTATGACCTGCTGACTC,TGG,non-coding,122,AGAAAA,CGCAGG
gpmM,TGACCTGCTGACTCTGGCGC,AGG,non-coding,123,AGCTTA,GCGAGT
gpmM,GACCTGCTGACTCTGGCGCA,GGG,non-coding,124,GCTTAT,CGAGTT
gpmM,TCTGGCGCAGGGCGAGTTCC,AGG,non-coding,125,GCTGAC,CCGATA
gpmM,CAGGCCGATACCGCCGTTGC,TGG,non-coding,126,GAGTTC,TTTGCA
gpmM,TACCGCCGTTGCTGGTTTGC,AGG,non-coding,127,GGCCGA,CTGCTT
gpmM,GCGACCGTTATCCGTGCTGA,AGG,non-coding,128,GTGAAA,TCAGCC
gpmM,TGCTGAAGGTCAGCCAGACG,CGG,non-coding,129,TATCCG,CAATGG
gpmM,AGGTCAGCCAGACGCGGCAA,TGG,non-coding,130,TGCTGA,AAGACG
gpmM,CCAGACGCGGCAATGGAAGA,CGG,non-coding,131,GGTCAG,CGATGC
gpmM,TTCGTGAACGCTGATTTCGA,TGG,non-coding,132,CGTGCT,CTTCGC
gpmM,TGGCTTCGCGCGTAAGAAAG,TGG,non-coding,133,TTTCGA,TTAACG
gpmM,CGCCGCTGACATCAAAACTG,CGG,non-coding,134,CGAATA,TTGCTT
gpmM,TGCTTACCCACCCGCTTCCC,TGG,non-coding,135,TGCGGT,TTAACA
gpmM,GCTTCCCTGGTTAACACCTT,CGG,non-coding,136,CCACCC,CGAGTG
gpmM,TGGTTAACACCTTCGGCGAG,TGG,non-coding,137,CTTCCC,ATGGCG
gpmM,TAACACCTTCGGCGAGTGGA,TGG,non-coding,138,CCTGGT,CGAAAA
gpmM,CACGTTACTTTCTTCTTCAA,CGG,non-coding,139,TATGCC,TGGCGT
gpmM,GTTACTTTCTTCTTCAACGG,TGG,non-coding,140,GCCCAC,CGTAGA
gpmM,GGCGTAGAAGAGTCGTTCAA,AGG,non-coding,141,AACGGT,CGAAGA
gpmM,TCTGATCAACTCACCGAAAG,TGG,non-coding,142,TCGCAT,CTACCT
gpmM,GGCTACCTACGATCTGCAAC,CGG,non-coding,143,GAAAGT,AAATGA
gpmM,CGCAGAGCTGACCGAAAAAC,TGG,non-coding,144,GAGCTC,TTGCGG
gpmM,GCTGACCGAAAAACTGGTTG,CGG,non-coding,145,CGCAGA,CCATCA
gpmM,CTGGTTGCGGCCATCAAGAG,CGG,non-coding,146,GAAAAA,CAAATA
gpmM,ATCATCTGTAACTATCCGAA,CGG,non-coding,147,GACACC,CGACAT
gpmM,TAACTATCCGAACGGCGACA,TGG,non-coding,148,CATCTG,TAGGTC
gpmM,TATCCGAACGGCGACATGGT,AGG,non-coding,149,TGTAAC,TCACAC
gpmM,GGCGACATGGTAGGTCACAC,CGG,non-coding,150,CCGAAC,GGTGAT
gpmM,GCGACATGGTAGGTCACACC,GGG,non-coding,151,CGAACG,GTGATG
gpmM,CGACATGGTAGGTCACACCG,GGG,non-coding,152,GAACGG,TGATGG
gpmM,GGTAGGTCACACCGGGGTGA,TGG,non-coding,153,CGACAT,AAGCGG
gpmM,TCACACCGGGGTGATGGAAG,CGG,non-coding,154,GGTAGG,CGGTTA
gpmM,CACCGGGGTGATGGAAGCGG,CGG,non-coding,155,AGGTCA,TTAAAG
gpmM,GATGGAAGCGGCGGTTAAAG,CGG,non-coding,156,CGGGGT,TTGAAG
gpmM,GGTTAAAGCGGTTGAAGCGC,TGG,non-coding,157,AGCGGC,ATCACT
gpmM,TGAAGCGCTGGATCACTGCG,TGG,non-coding,158,AGCGGT,AAGAAG
gpmM,CGTGGAAGAAGTCGCGAAAG,CGG,non-coding,159,TCACTG,TTGAGT
gpmM,CGCGAAAGCGGTTGAGTCCG,TGG,non-coding,160,AGAAGT,GTGGAC
gpmM,GCGAAAGCGGTTGAGTCCGT,GGG,non-coding,161,GAAGTC,TGGACA
gpmM,AAAGCGGTTGAGTCCGTGGG,TGG,non-coding,162,GTCGCG,ACAACT
gpmM,CTGCTGATCACCGCTGACCA,CGG,non-coding,163,GGACAA,TAACGC
gpmM,CGCTGAGCAGATGCGCGATC,CGG,non-coding,164,CGGTAA,CAACGG
gpmM,GCAGATGCGCGATCCGGCAA,CGG,non-coding,165,CGCTGA,GTCAGG
gpmM,CAGATGCGCGATCCGGCAAC,GGG,non-coding,166,GCTGAG,TCAGGC
gpmM,GCGCGATCCGGCAACGGGTC,AGG,non-coding,167,GCAGAT,CACACA
gpmM,GGCAACGGGTCAGGCACACA,CGG,non-coding,168,CGATCC,CACACA
gpmM,CCAGTTCCGCTGATTTACGT,TGG,non-coding,169,AACCTG,TGATAA
gpmM,TGGTGATAAGAACGTGAAAG,CGG,non-coding,170,TTACGT,TTGAAG
gpmM,AAGAACGTGAAAGCGGTTGA,AGG,non-coding,171,GGTGAT,CGGCAA
gpmM,AACGTGAAAGCGGTTGAAGG,CGG,non-coding,172,GATAAG,CAAACT
gpmM,GCCGACCATGTTGTCGCTGA,TGG,non-coding,173,CATCGC,GTATGG
gpmM,CCGACCATGTTGTCGCTGAT,GGG,non-coding,174,ATCGCG,TATGGA
gpmM,CATGTTGTCGCTGATGGGTA,TGG,non-coding,175,GCCGAC,AAATCC
gpmM,GAAATCCCGCAAGAGATGAC,TGG,non-coding,176,GGTATG,TAAGCC
gpmM,TGGTAAGCCGCTGTTCATCG,TGG,non-coding,177,GATGAC,AATAA
pfkA,TCCAGCCAGTCACCTTTGAA,CGG,coding,1,GCGCAG,ACGCTT
pfkA,CGATAGCGTCGATGATGTCG,TGG,coding,2,TGTTTT,TGAACC
pfkA,GGTGAACCAGCTGTTCGTTC,TGG,coding,3,TGTCGT,ATACCT
pfkA,CGATAGCGTAAGCGCCCATA,CGG,coding,4,GCAGAT,GAAGCC
pfkA,GATAGCGTAAGCGCCCATAC,GGG,coding,5,CAGATC,AAGCCA
pfkA,CCATACGGGAAGCCAGAATA,CGG,coding,6,AAGCGC,TCGTAA
pfkA,GAAGCCAGAATACGGTCGTA,AGG,coding,7,ATACGG,CACCGG
pfkA,AGAATACGGTCGTAAGGCAC,CGG,coding,8,GAAGCC,AGAACC
pfkA,GCACCGGAGAACCACCGCGC,TGG,coding,9,CGTAAG,ATGTGG
pfkA,GAGAACCACCGCGCTGGATG,TGG,coding,10,GCACCG,CCCAGC
pfkA,TGTGGCCCAGCACAGTTGCG,CGG,coding,11,GCTGGA,GTTTCA
pfkA,GTGGCCCAGCACAGTTGCGC,GGG,coding,12,CTGGAT,TTTCAC
pfkA,AGTTGCGCGGGTTTCACGAC,CGG,coding,13,CAGCAC,TTTCTT
pfkA,GTCAACATCACACATATGTT,CGG,coding,14,CAGTTC,TAATCG
pfkA,CCGCTTTGATTTCGTTTACC,AGG,coding,15,CGATAC,TCTTCA
pfkA,TTTCGTTTACCAGGTCTTCA,CGG,coding,16,CTTTGA,CTGAAT
pfkA,TCACGGCTGAATTCAACTTC,CGG,coding,17,AGGTCT,AACCAC
pfkA,CACAACGAATTCACAGCCAC,CGG,coding,18,CGGAAC,CAATGG
pfkA,GAATTCACAGCCACCGGCAA,TGG,coding,19,CACAAC,CCGCAG
pfkA,ACGTCAGATCTCCACAATAA,CGG,coding,20,CAGCCA,CCCATC
pfkA,ACGGCCCATCACTTCCACCA,CGG,coding,21,ACAATA,AAATAC
pfkA,CTTCCACCACGGAAATACGC,TGG,coding,22,CCATCA,TGAGAA
pfkA,AATACGCTGGTGAGAAGAAG,AGG,coding,23,CACGGA,TGTCAC
pfkA,AAGAAGAGGTGTCACGCAGA,CGG,coding,24,GGTGAG,TCGATC
pfkA,ACGGTCGATCGCTTCTACAA,CGG,coding,25,ACGCAG,TGCTCA
pfkA,ATGTCGTTGTCGATAGTGCC,CGG,coding,26,CCTTTG,CAGACC
pfkA,GTGCCCGGCAGACCGATGCA,CGG,coding,27,TCGATA,GAAGCC
pfkA,TGCCCGGCAGACCGATGCAC,GGG,coding,28,CGATAG,AAGCCC
pfkA,GATGCACGGGAAGCCCATTT,CGG,coding,29,CAGACC,TCAGAC
pfkA,CAGACGCATTGCACCCATGT,AGG,coding,30,TTCGGT,AACCGT
pfkA,CGTCGATACCACGTTTTTTC,AGG,coding,31,CCAGCG,TTTTCG
pfkA,TTTCAGGTTTTCGATAGCCA,CGG,coding,32,ACGTTT,CGCGGA
pfkA,GGTTTTCGATAGCCACGGCG,CGG,coding,33,TTTTCA,ATGTTC
pfkA,CGGCGCGGATGTTCTCGTCG,CGG,coding,34,TAGCCA,AATTCC
pfkA,ATGTTCTCGTCGCGGAATTC,CGG,coding,35,GCGCGG,GAAACG
pfkA,TGTTCTCGTCGCGGAATTCC,GGG,coding,36,CGCGGA,AAACGC
pfkA,CCGGGAAACGCGCAGAACCG,AGG,coding,37,GGAATT,AACGTA
pfkA,AACCGAGGAACGTACCGCCA,CGG,coding,38,GCGCAG,TTGATC
pfkA,TCATGTCAGACACGCTGTAA,CGG,coding,39,GGTTGA,TCTAGC
pfkA,AACGGTCTAGCTGTACCATA,CGG,coding,40,CGCTGT,TCTTCA
pfkA,ACGAACAACCCCGCGAATTG,CGG,coding,41,CGCAGA,CGTTCA
pfkA,CGAATTGCGGCGTTCATGCC,TGG,coding,42,ACCCCG,CGCATC
pfkA,TCATGACTACCTCTGAACTT,TGG,coding,43,TCTTAA,AATGCA
pfkA,TGCAAAATGAAATCTGTTGC,CGG,coding,44,TTGGAA,AAGTCT
pfkA,TATACTATTTGCACATTCGT,TGG,non-coding,45,GATTGT,ATCACT
pfkA,TCGATGTGCAAGAAGACTTC,CGG,non-coding,46,ATCACT,CAACAG
pfkA,TTTTGCATTCCAAAGTTCAG,AGG,non-coding,47,ATTTCA,TAGTCA
pfkA,GTAGTCATGATTAAGAAAAT,CGG,non-coding,48,TCAGAG,TGTGTT
pfkA,AAAATCGGTGTGTTGACAAG,CGG,non-coding,49,ATTAAG,CGGTGA
pfkA,ATCGGTGTGTTGACAAGCGG,CGG,non-coding,50,AAGAAA,TGATGC
pfkA,ACAAGCGGCGGTGATGCGCC,AGG,non-coding,51,GTGTTG,CATGAA
pfkA,GGCATGAACGCCGCAATTCG,CGG,non-coding,52,GCGCCA,GGTTGT
pfkA,GCATGAACGCCGCAATTCGC,GGG,non-coding,53,CGCCAG,GTTGTT
pfkA,CATGAACGCCGCAATTCGCG,GGG,non-coding,54,GCCAGG,TTGTTC
pfkA,GTTCGTTCTGCGCTGACAGA,AGG,non-coding,55,GGGGTT,TCTGGA
pfkA,TTCTGCGCTGACAGAAGGTC,TGG,non-coding,56,TGTTCG,AAGTAA
pfkA,GACAGAAGGTCTGGAAGTAA,TGG,non-coding,57,TGCGCT,GTATTT
pfkA,ACAGAAGGTCTGGAAGTAAT,GGG,non-coding,58,GCGCTG,TATTTA
pfkA,GAAGTAATGGGTATTTATGA,CGG,non-coding,59,GGTCTG,CTATCT
pfkA,GGGTATTTATGACGGCTATC,TGG,non-coding,60,AGTAAT,GTCTGT
pfkA,GGTATTTATGACGGCTATCT,GGG,non-coding,61,GTAATG,TCTGTA
pfkA,GGGTCTGTATGAAGACCGTA,TGG,non-coding,62,CTATCT,TACAGC
pfkA,GTGTCTGACATGATCAACCG,TGG,non-coding,63,TACAGC,CGGTAC
pfkA,TCTGACATGATCAACCGTGG,CGG,non-coding,64,AGCGTG,TACGTT
pfkA,AACCGTGGCGGTACGTTCCT,CGG,non-coding,65,ATGATC,TTCTGC
pfkA,CCTCGGTTCTGCGCGTTTCC,CGG,non-coding,66,TACGTT,AATTCC
pfkA,CGACGAGAACATCCGCGCCG,TGG,non-coding,67,ATTCCG,CTATCG
pfkA,ATCGAAAACCTGAAAAAACG,TGG,non-coding,68,GTGGCT,TATCGA
pfkA,AAAACGTGGTATCGACGCGC,TGG,non-coding,69,CCTGAA,TGGTTA
pfkA,ACGTGGTATCGACGCGCTGG,TGG,non-coding,70,GAAAAA,TTATCG
pfkA,ATCGACGCGCTGGTGGTTAT,CGG,non-coding,71,CGTGGT,CGGTGA
pfkA,GACGCGCTGGTGGTTATCGG,CGG,non-coding,72,GGTATC,TGACGG
pfkA,CTGGTGGTTATCGGCGGTGA,CGG,non-coding,73,GACGCG,TTCCTA
pfkA,CGGCGGTGACGGTTCCTACA,TGG,non-coding,74,GGTTAT,GTGCAA
pfkA,GGCGGTGACGGTTCCTACAT,GGG,non-coding,75,GTTATC,TGCAAT
pfkA,TGCAATGCGTCTGACCGAAA,TGG,non-coding,76,CATGGG,GCTTCC
pfkA,GCAATGCGTCTGACCGAAAT,GGG,non-coding,77,ATGGGT,CTTCCC
pfkA,GAAATGGGCTTCCCGTGCAT,CGG,non-coding,78,CTGACC,TCTGCC
pfkA,CTTCCCGTGCATCGGTCTGC,CGG,non-coding,79,AATGGG,GCACTA
pfkA,TTCCCGTGCATCGGTCTGCC,GGG,non-coding,80,ATGGGC,CACTAT
pfkA,ACTATCGACAACGACATCAA,AGG,non-coding,81,CCGGGC,CACTGA
pfkA,AAAGGCACTGACTACACTAT,CGG,non-coding,82,GACATC,TTTCTT
pfkA,TTCTCACCAGCGTATTTCCG,TGG,non-coding,83,CTCTTC,TGGAAG
pfkA,TCACCAGCGTATTTCCGTGG,TGG,non-coding,84,TTCTTC,AAGTGA
pfkA,TATTTCCGTGGTGGAAGTGA,TGG,non-coding,85,CCAGCG,GCCGTT
pfkA,ATTTCCGTGGTGGAAGTGAT,GGG,non-coding,86,CAGCGT,CCGTTA
pfkA,GAAGTGATGGGCCGTTATTG,TGG,non-coding,87,GTGGTG,AGATCT
pfkA,TTATTGTGGAGATCTGACGT,TGG,non-coding,88,GGGCCG,CTGCGG
pfkA,TGGAGATCTGACGTTGGCTG,CGG,non-coding,89,TTATTG,CCATTG
pfkA,ACGTTGGCTGCGGCCATTGC,CGG,non-coding,90,GATCTG,TGGCTG
pfkA,TTGGCTGCGGCCATTGCCGG,TGG,non-coding,91,CTGACG,CTGTGA
pfkA,CGGTGGCTGTGAATTCGTTG,TGG,non-coding,92,CATTGC,TTCCGG
pfkA,CTGTGAATTCGTTGTGGTTC,CGG,non-coding,93,CGGTGG,AAGTTG
pfkA,TGAATTCAGCCGTGAAGACC,TGG,non-coding,94,GGAAGT,TAAACG
pfkA,CCTGGTAAACGAAATCAAAG,CGG,non-coding,95,TGAAGA,GTATCG
pfkA,CTGGTAAACGAAATCAAAGC,GGG,non-coding,96,GAAGAC,TATCGC
pfkA,ATCAAAGCGGGTATCGCGAA,AGG,non-coding,97,AACGAA,TAAAAA
pfkA,AGGTAAAAAACACGCGATCG,TGG,non-coding,98,CGCGAA,CGATTA
pfkA,TATGTGTGATGTTGACGAAC,TGG,non-coding,99,CGAACA,CGCATT
pfkA,CATTTCATCGAGAAAGAAAC,CGG,non-coding,100,CTGGCG,TCGTGA
pfkA,TGAAACCCGCGCAACTGTGC,TGG,non-coding,101,CGGTCG,GCCACA
pfkA,GAAACCCGCGCAACTGTGCT,GGG,non-coding,102,GGTCGT,CCACAT
pfkA,GTGCTGGGCCACATCCAGCG,CGG,non-coding,103,GCAACT,TGGTTC
pfkA,CTGGGCCACATCCAGCGCGG,TGG,non-coding,104,ACTGTG,TTCTCC
pfkA,CATCCAGCGCGGTGGTTCTC,CGG,non-coding,105,GGGCCA,TGCCTT
pfkA,GGTGCCTTACGACCGTATTC,TGG,non-coding,106,TTCTCC,CTTCCC
pfkA,CCGTATTCTGGCTTCCCGTA,TGG,non-coding,107,TTACGA,GCGCTT
pfkA,CGTATTCTGGCTTCCCGTAT,GGG,non-coding,108,TACGAC,CGCTTA
pfkA,TTACGCTATCGATCTGCTGC,TGG,non-coding,109,GGGCGC,CAGGTT
pfkA,GCTATCGATCTGCTGCTGGC,AGG,non-coding,110,GCTTAC,TTACGG
pfkA,GATCTGCTGCTGGCAGGTTA,CGG,non-coding,111,GCTATC,CGGTCG
pfkA,CTGCTGCTGGCAGGTTACGG,CGG,non-coding,112,ATCGAT,TCGTTG
pfkA,GGTTACGGCGGTCGTTGTGT,AGG,non-coding,113,CTGGCA,TATCCA
pfkA,AGGTATCCAGAACGAACAGC,TGG,non-coding,114,TTGTGT,TTCACC
pfkA,AACATGAAGCGTCCGTTCAA,AGG,non-coding,115,ATCGAA,TGACTG
pfkA,AGCGTCCGTTCAAAGGTGAC,TGG,non-coding,116,ACATGA,CTGGAC
pfkA,TCCGTTCAAAGGTGACTGGC,TGG,non-coding,117,GAAGCG,ACTGCG
fbaB,ACAGATATTGCGCAGTTGCT,TGG,coding,1,ATG,CAAAGA
fbaB,TCTGACCAGCTTTATCTCCC,CGG,coding,2,ATTCCT,ACATGA
fbaB,TGACAATAATCGCCCGCCAG,CGG,coding,3,AATGAT,TGTTAC
fbaB,ATGCAGACGTTGTACAACAC,CGG,coding,4,CGTAAT,GCGTCT
fbaB,TGCAGACGTTGTACAACACC,GGG,coding,5,GTAATA,CGTCTG
fbaB,GTTGTACAACACCGGGCGTC,TGG,coding,6,GCAGAC,CTGGCA
fbaB,TACAACACCGGGCGTCTGGC,TGG,coding,7,ACGTTG,CACAGG
fbaB,ACCGGGCGTCTGGCTGGCAC,AGG,coding,8,TACAAC,ATATCT
fbaB,AGGATATCTTTCTATTCTGC,CGG,coding,9,TGGCAC,TTGACC
fbaB,TTCTATTCTGCCGGTTGACC,AGG,coding,10,ATATCT,GCGTTG
fbaB,TCTATTCTGCCGGTTGACCA,GGG,coding,11,TATCTT,CGTTGA
fbaB,CAGGGCGTTGAGCACTCTGC,CGG,coding,12,GTTGAC,AGCTTC
fbaB,CCCGAAAAACATTGTTGAAC,TGG,coding,13,CTTTGA,CGATCG
fbaB,TGTTGAACTGGCGATCGAAG,CGG,coding,14,AAACAT,GCTGTA
fbaB,GTTGAACTGGCGATCGAAGC,GGG,coding,15,AACATT,CTGTAA
fbaB,CGAAGCGGGCTGTAACTGTG,TGG,coding,16,GGCGAT,CGTCAA
fbaB,AACTGTGTGGCGTCAACTTA,CGG,coding,17,GGCTGT,CGTGCT
fbaB,GGCGTCAACTTACGGCGTGC,TGG,coding,18,CTGTGT,CGTCGG
fbaB,AACTTACGGCGTGCTGGCGT,CGG,coding,19,GGCGTC,TATCGC
fbaB,GCGTGCTGGCGTCGGTATCG,CGG,coding,20,CTTACG,CGTTAT
fbaB,TCAAACGCTGTATGCCAGCG,TGG,coding,21,CTACGA,AGCAGG
fbaB,GCTGTATGCCAGCGTGGAGC,AGG,coding,22,TCAAAC,CGTTCA
fbaB,CGTGGAGCAGGCGTTCAACA,TGG,coding,23,TGCCAG,GCGCGG
fbaB,GTGGAGCAGGCGTTCAACAT,GGG,coding,24,GCCAGC,CGCGGT
fbaB,GCAGGCGTTCAACATGGGCG,CGG,coding,25,CGTGGA,TTGCGG
fbaB,GTTCAACATGGGCGCGGTTG,CGG,coding,26,GCAGGC,TTGGTG
fbaB,AACATGGGCGCGGTTGCGGT,TGG,coding,27,GCGTTC,TGCGAC
fbaB,GTTGGTGCGACTATCTATTT,TGG,coding,28,GTTGCG,CTCGGA
fbaB,TGCGACTATCTATTTTGGCT,CGG,coding,29,GGTTGG,AAGAGT
fbaB,CCAGATTGAAGAAATTTCTG,CGG,coding,30,ACGTCG,CTTTTG
fbaB,TTTTGAACGTGCGCACGAGC,TGG,coding,31,TGCGGC,GTATGG
fbaB,TTTGAACGTGCGCACGAGCT,GGG,coding,32,GCGGCT,TATGGT
fbaB,ACGTGCGCACGAGCTGGGTA,TGG,coding,33,TTTTGA,TGACAG
fbaB,TGGGTATGGTGACAGTGCTG,TGG,coding,34,ACGAGC,GCCTAT
fbaB,GGGTATGGTGACAGTGCTGT,GGG,coding,35,CGAGCT,CCTATT
fbaB,AACTCCGCCTTTAAGAAAGA,TGG,coding,36,TTGCGT,CGTTGA
fbaB,CATGTTTCCGCCGACCTGAC,CGG,coding,37,GATTAC,TCAGGC
fbaB,TTCCGCCGACCTGACCGGTC,AGG,coding,38,CCATGT,CAAACC
fbaB,GACCGGTCAGGCAAACCATC,TGG,coding,39,CGACCT,CGGCAA
fbaB,CGGTCAGGCAAACCATCTGG,CGG,coding,40,CCTGAC,CAACCA
fbaB,AACCATCTGGCGGCAACCAT,CGG,coding,41,CAGGCA,TGCAGA
fbaB,AGATATCGTCAAACAAAAAA,TGG,coding,42,CGGTGC,CGGAAA
fbaB,TATCGTCAAACAAAAAATGG,CGG,coding,43,TGCAGA,AAAATA
fbaB,CAAAAAATGGCGGAAAATAA,CGG,coding,44,GTCAAA,CGGCTA
fbaB,AAAATGGCGGAAAATAACGG,CGG,coding,45,AAACAA,CTATAA
fbaB,GGCTATAAAGCAATTAATTA,CGG,coding,46,AACGGC,TTACAC
fbaB,CAGCGAAAACCCGATTGATC,TGG,coding,47,ATTGAC,TGCGTT
fbaB,TCAGTTAGCTAACTGCTATA,TGG,coding,48,GCGTTA,GTCGGG
fbaB,CAGTTAGCTAACTGCTATAT,GGG,coding,49,CGTTAT,TCGGGC
fbaB,TAGCTAACTGCTATATGGGT,CGG,coding,50,ATCAGT,GCTGGG
fbaB,AGCTAACTGCTATATGGGTC,GGG,coding,51,TCAGTT,CTGGGT
fbaB,AACTGCTATATGGGTCGGGC,TGG,coding,52,TTAGCT,GTTGAT
fbaB,ACTGCTATATGGGTCGGGCT,GGG,coding,53,TAGCTA,TTGATA
fbaB,CGGGCTGGGTTGATAAACTC,CGG,coding,54,ATGGGT,CGGTGC
fbaB,GCTGGGTTGATAAACTCCGG,CGG,coding,55,GGTCGG,TGCTGC
fbaB,GATAAACTCCGGCGGTGCTG,CGG,coding,56,TGGGTT,GCGGTG
fbaB,ATAAACTCCGGCGGTGCTGC,GGG,coding,57,GGGTTG,CGGTGA
fbaB,AACTCCGGCGGTGCTGCGGG,CGG,coding,58,TTGATA,TGAAAC
fbaB,CAGCGATGCAGTGCGTACTG,CGG,coding,59,TGACCT,TTATCA
fbaB,GCGGTTATCAACAAACGCGC,AGG,coding,60,CGTACT,CGGAAT
fbaB,GTTATCAACAAACGCGCAGG,CGG,coding,61,ACTGCG,AATGGG
fbaB,CAACAAACGCGCAGGCGGAA,TGG,coding,62,GGTTAT,GGCTGA
fbaB,AACAAACGCGCAGGCGGAAT,GGG,coding,63,GTTATC,GCTGAT
fbaB,ACAAACGCGCAGGCGGAATG,GGG,coding,64,TTATCA,CTGATT
fbaB,GGCGGAATGGGGCTGATTCT,TGG,coding,65,CGCGCA,ACGTAA
fbaB,TAAAGCGTTCAAGAAATCGA,TGG,coding,66,TGGACG,CTGACG
fbaB,TTCAAGAAATCGATGGCTGA,CGG,coding,67,AAAGCG,CGTGAA
fbaB,GAAACTGATTAACGCCGTGC,AGG,coding,68,CGGCGT,ACGTTT
fbaB,TACGAACAACACCACCCCGT,AGG,coding,69,GCCTTA,ACGGAT
fbaB,AACAACACCACCCCGTAGGA,CGG,coding,70,TATACG,ATAAGG
fbaB,ACCACCCCGTAGGACGGATA,AGG,coding,71,AACAAC,CGTTTA
fbaB,TAAGGCGTTTACGCTGCATC,CGG,coding,72,GACGGA,CAACCT
fbaB,AGACGCTTCAGCGTCGCATC,AGG,non-coding,73,ATGATA,CATAGG
fbaB,TTCAGCGTCGCATCAGGCAT,AGG,non-coding,74,AGACGC,TTGCCG
fbaB,TCGCATCAGGCATAGGTTGC,CGG,non-coding,75,TCAGCG,ATGCAG
fbaB,TAAACGCCTTATCCGTCCTA,CGG,non-coding,76,GCAGCG,GGTGGT
fbaB,AAACGCCTTATCCGTCCTAC,GGG,non-coding,77,CAGCGT,GTGGTG
fbaB,AACGCCTTATCCGTCCTACG,GGG,non-coding,78,AGCGTA,TGGTGT
fbaB,GCCTTATCCGTCCTACGGGG,TGG,non-coding,79,GTAAAC,TGTTGT
fbaB,GGGGTGGTGTTGTTCGTATA,AGG,non-coding,80,TCCTAC,CGTATC
fbaB,TTGTTCGTATAAGGCGTATC,AGG,non-coding,81,GTGGTG,CGATAG
fbaB,ATCGAGATAAACGTCCTGCA,CGG,non-coding,82,TTTGCT,CGTTAA
fbaB,CAGTACGCACTGCATCGCTG,AGG,non-coding,83,TAACCG,TCAGTT
fbaB,TTCACCGCCCGCAGCACCGC,CGG,non-coding,84,GTCAGT,AGTTTA
fbaB,TGATAACGCACCAGATCAAT,CGG,non-coding,85,GCTAAC,GTTTTC
fbaB,GATAACGCACCAGATCAATC,GGG,non-coding,86,CTAACT,TTTTCG
fbaB,CAGATCAATCGGGTTTTCGC,TGG,non-coding,87,ACGCAC,TCAATT
fbaB,TTTGCTGTAAACACGATCGT,CGG,non-coding,88,GGTCAA,TGTAAC
fbaB,TTTGACGATATCTGCACCGA,TGG,non-coding,89,TTTTTG,TTGCCG
fbaB,CACCGATGGTTGCCGCCAGA,TGG,non-coding,90,TATCTG,TTTGCC
fbaB,CGCCAGATGGTTTGCCTGAC,CGG,non-coding,91,GGTTGC,TCAGGT
fbaB,GATGGTTTGCCTGACCGGTC,AGG,non-coding,92,CCGCCA,TCGGCG
fbaB,GTTTGCCTGACCGGTCAGGT,CGG,non-coding,93,CAGATG,CGGAAA
fbaB,TGCCTGACCGGTCAGGTCGG,CGG,non-coding,94,ATGGTT,AAACAT
fbaB,CGGTCAGGTCGGCGGAAACA,TGG,non-coding,95,CCTGAC,TAATCA
fbaB,ATCAACGCCATCTTTCTTAA,AGG,non-coding,96,ATGGTA,CGGAGT
fbaB,AACGCCATCTTTCTTAAAGG,CGG,non-coding,97,GTAATC,AGTTAC
fbaB,AAAGGCGGAGTTACGCAAAT,AGG,non-coding,98,TTTCTT,CCCACA
fbaB,CCGCAGAAATTTCTTCAATC,TGG,non-coding,99,CAAAAG,CGACGT
fbaB,GTTGAACGCCTGCTCCACGC,TGG,non-coding,100,GCCCAT,CATACA
fbaB,GGCATACAGCGTTTGATCGT,AGG,non-coding,101,CACGCT,TATTCG
fbaB,AGCGTTTGATCGTAGGTATT,CGG,non-coding,102,GCATAC,GTAACT
fbaB,GCGTTTGATCGTAGGTATTC,GGG,non-coding,103,CATACA,TAACTT
fbaB,CGTTGTGATTAAGTTTGACG,AGG,non-coding,104,GCGTCT,AATGGA
fbaB,TGATTAAGTTTGACGAGGAA,TGG,non-coding,105,TCGTTG,AATGCG
fbaB,GCCAGTTCAACAATGTTTTT,CGG,non-coding,106,TCGATC,GTCAAA
fbaB,CCAGTTCAACAATGTTTTTC,GGG,non-coding,107,CGATCG,TCAAAG
fbaB,TTTTTCGGGTCAAAGTAGAG,CGG,non-coding,108,ACAATG,GTTAGC
fbaB,TTTTCGGGTCAAAGTAGAGC,GGG,non-coding,109,CAATGT,TTAGCA
fbaB,GTTAGCAGCAAATGAAGCTC,CGG,non-coding,110,GAGCGG,CAGAGT
fbaB,CGGCAGAGTGCTCAACGCCC,TGG,non-coding,111,AAGCTC,TCAACC
fbaB,TGCTCAACGCCCTGGTCAAC,CGG,non-coding,112,GCAGAG,CAGAAT
fbaB,TCCTGTGCCAGCCAGACGCC,CGG,non-coding,113,AAGATA,TGTTGT
fbaB,TGCATATTACGTAACACCGC,TGG,non-coding,114,AACGTC,CGGGCG
fbaB,ATATTACGTAACACCGCTGG,CGG,non-coding,115,GTCTGC,GCGATT
fbaB,TATTACGTAACACCGCTGGC,GGG,non-coding,116,TCTGCA,CGATTA
fbaB,GATTATTGTCAATCATTACG,CGG,non-coding,117,GCGGGC,TCTACG
fbaB,GCGGTCTACGTAGTCATGTC,CGG,non-coding,118,CATTAC,GGAGAT
fbaB,CGGTCTACGTAGTCATGTCC,GGG,non-coding,119,ATTACG,GAGATA
fbaB,GGTCTACGTAGTCATGTCCG,GGG,non-coding,120,TTACGC,AGATAA
fbaB,CATGTCCGGGGAGATAAAGC,TGG,non-coding,121,CGTAGT,TCAGAA
fbaB,GGGAGATAAAGCTGGTCAGA,AGG,non-coding,122,TGTCCG,AATTGT
fbaB,CAGAAGGAATTGTCATACAA,CGG,non-coding,123,GCTGGT,TGCTGT
fbaB,TCATACAACGGTGCTGTAAA,AGG,non-coding,124,GAATTG,TTGTCG
fbaB,ACGGTGCTGTAAAAGGTTGT,CGG,non-coding,125,CATACA,CGTCTT
