Guide,Genome,Position,Off-target,Off-target_Strand,Mismatches,HsuSupp_score,CropIT_score,CFD_score,CCTop_score,normalized_HsuSupp_score,normalized_CropIT_score,normalized_CFD_score,normalized_CCTop_score
GTGACGTTCGTTCAGTTTCCAGG,U00096.3 E. coli MG1655 complete genome,787322,GTGACGTTCGTTCAGTTTCCAGG,+,0,1.0,650.0,1.0,224.0,1.0,1.0,1.0,1.0
CAGTTTCCAGGATTTCTCAACGG,U00096.3 E. coli MG1655 complete genome,787334,CAGTTTCCAGGATTTCTCAACGG,+,0,1.0,650.0,1.0,224.0,1.0,1.0,1.0,1.0
AGTTTCCAGGATTTCTCAACGGG,U00096.3 E. coli MG1655 complete genome,787335,AGTTTCCAGGATTTCTCAACGGG,+,0,1.0,650.0,1.0,224.0,1.0,1.0,1.0,1.0
GTTCGTCCAGCACATTCCACAGG,U00096.3 E. coli MG1655 complete genome,787375,GTTCGTCCAGCACATTCCACAGG,+,0,1.0,650.0,1.0,224.0,1.0,1.0,1.0,1.0
TTCGTCCAGCACATTCCACAGGG,U00096.3 E. coli MG1655 complete genome,787376,TTCGTCCAGCACATTCCACAGGG,+,0,1.0,650.0,1.0,224.0,1.0,1.0,1.0,1.0
CCAGCACATTCCACAGGGTATGG,U00096.3 E. coli MG1655 complete genome,787381,CCAGCACATTCCACAGGGTATGG,+,1,1.0,650.0,1.0,224.0,1.0,1.0,1.0,1.0
CAGATCCACGTCGTACCAACCGG,U00096.3 E. coli MG1655 complete genome,787505,CAGATCCACGTCGTACCAACCGG,+,0,1.0,650.0,1.0,224.0,1.0,1.0,1.0,1.0
CGTCGTACCAACCGGTGAAACGG,U00096.3 E. coli MG1655 complete genome,787513,CGTCGTACCAACCGGTGAAACGG,+,0,1.0,650.0,1.0,224.0,1.0,1.0,1.0,1.0
GCATTGCTGTTGCTTCGTCGCGG,U00096.3 E. coli MG1655 complete genome,787641,GCATTGCTGTTGCTTCGTCGCGG,-,0,1.0,650.0,1.0,224.0,1.0,1.0,1.0,1.0
TATCATTAAAAGATGATTTGAGG,U00096.3 E. coli MG1655 complete genome,787600,TATCATTAAAAGATGATTTGAGG,-,0,1.0,650.0,1.0,224.0,1.0,1.0,1.0,1.0
TGATTTGAGGAGTAAGTATATGG,U00096.3 E. coli MG1655 complete genome,787587,TGATTTGAGGAGTAAGTATATGG,-,0,1.0,650.0,1.0,224.0,1.0,1.0,1.0,1.0
GTATATGGCTGTAACTAAGCTGG,U00096.3 E. coli MG1655 complete genome,787572,GTATATGGCTGTAACTAAGCTGG,-,0,1.0,650.0,1.0,224.0,1.0,1.0,1.0,1.0
GGCTGTAACTAAGCTGGTTCTGG,U00096.3 E. coli MG1655 complete genome,787566,GGCTGTAACTAAGCTGGTTCTGG,-,0,1.0,650.0,1.0,224.0,1.0,1.0,1.0,1.0
AAGCTGGTTCTGGTTCGTCATGG,U00096.3 E. coli MG1655 complete genome,787556,AAGCTGGTTCTGGTTCGTCATGG,-,0,1.0,650.0,1.0,224.0,1.0,1.0,1.0,1.0
TTCGTCATGGCGAAAGTCAGTGG,U00096.3 E. coli MG1655 complete genome,787543,TTCGTCATGGCGAAAGTCAGTGG,-,0,1.0,650.0,1.0,224.0,1.0,1.0,1.0,1.0
AACAAAGAAAACCGTTTCACCGG,U00096.3 E. coli MG1655 complete genome,787520,AACAAAGAAAACCGTTTCACCGG,-,0,1.0,650.0,1.0,224.0,1.0,1.0,1.0,1.0
AAGAAAACCGTTTCACCGGTTGG,U00096.3 E. coli MG1655 complete genome,787516,AAGAAAACCGTTTCACCGGTTGG,-,0,1.0,650.0,1.0,224.0,1.0,1.0,1.0,1.0
TTTCACCGGTTGGTACGACGTGG,U00096.3 E. coli MG1655 complete genome,787506,TTTCACCGGTTGGTACGACGTGG,-,0,1.0,650.0,1.0,224.0,1.0,1.0,1.0,1.0
GACGTGGATCTGTCTGAGAAAGG,U00096.3 E. coli MG1655 complete genome,787490,GACGTGGATCTGTCTGAGAAAGG,-,0,1.0,650.0,1.0,224.0,1.0,1.0,1.0,1.0
GTAAGCGAAGCAAAAGCAGCAGG,U00096.3 E. coli MG1655 complete genome,787466,GTAAGCGAAGCAAAAGCAGCAGG,-,0,1.0,650.0,1.0,224.0,1.0,1.0,1.0,1.0
AGCAGGTAAGCTGCTGAAAGAGG,U00096.3 E. coli MG1655 complete genome,787449,AGCAGGTAAGCTGCTGAAAGAGG,-,0,1.0,650.0,1.0,224.0,1.0,1.0,1.0,1.0
GGTAAGCTGCTGAAAGAGGAAGG,U00096.3 E. coli MG1655 complete genome,787445,GGTAAGCTGCTGAAAGAGGAAGG,-,0,1.0,650.0,1.0,224.0,1.0,1.0,1.0,1.0
AACGCGCTATCCATACCCTGTGG,U00096.3 E. coli MG1655 complete genome,787387,AACGCGCTATCCATACCCTGTGG,-,0,1.0,650.0,1.0,224.0,1.0,1.0,1.0,1.0
CCATACCCTGTGGAATGTGCTGG,U00096.3 E. coli MG1655 complete genome,787377,CCATACCCTGTGGAATGTGCTGG,-,0,1.0,650.0,1.0,224.0,1.0,1.0,1.0,1.0
GTGGAATGTGCTGGACGAACTGG,U00096.3 E. coli MG1655 complete genome,787368,GTGGAATGTGCTGGACGAACTGG,-,0,1.0,650.0,1.0,224.0,1.0,1.0,1.0,1.0
TGTGCTGGACGAACTGGATCAGG,U00096.3 E. coli MG1655 complete genome,787362,TGTGCTGGACGAACTGGATCAGG,-,0,1.0,650.0,1.0,224.0,1.0,1.0,1.0,1.0
TGGACGAACTGGATCAGGCATGG,U00096.3 E. coli MG1655 complete genome,787357,TGGACGAACTGGATCAGGCATGG,-,0,1.0,650.0,1.0,224.0,1.0,1.0,1.0,1.0
GGCTGCCCGTTGAGAAATCCTGG,U00096.3 E. coli MG1655 complete genome,787336,GGCTGCCCGTTGAGAAATCCTGG,-,0,1.0,650.0,1.0,224.0,1.0,1.0,1.0,1.0
AAACTGAACGAACGTCACTACGG,U00096.3 E. coli MG1655 complete genome,787313,AAACTGAACGAACGTCACTACGG,-,0,1.0,650.0,1.0,224.0,1.0,1.0,1.0,1.0
ACGTCACTACGGTGCGTTGCAGG,U00096.3 E. coli MG1655 complete genome,787302,ACGTCACTACGGTGCGTTGCAGG,-,0,1.0,650.0,1.0,224.0,1.0,1.0,1.0,1.0
CGTCACTACGGTGCGTTGCAGGG,U00096.3 E. coli MG1655 complete genome,1529368,CGGCACTACGATCCGTTGCAGGG,+,3,8.899541662404973e-07,432.5,0.21052631600000002,204.14259575521282,8.899499730940362e-07,0.23684210526315788,0.19323857100263314,0.5598175595461709
CGTCACTACGGTGCGTTGCAGGG,U00096.3 E. coli MG1655 complete genome,787301,CGTCACTACGGTGCGTTGCAGGG,-,0,1.0,650.0,1.0,224.0,1.0,1.0,1.0,1.0
TTCGTATTCCACGGTGGTTCCGG,U00096.3 E. coli MG1655 complete genome,3070434,TTCGTATTCCACGGTGGTTCCGG,-,0,1.0,650.0,1.0,224.0,1.0,1.0,1.0,1.0
TGGTTCCGGTTCTACTGCTCAGG,U00096.3 E. coli MG1655 complete genome,3070420,TGGTTCCGGTTCTACTGCTCAGG,-,0,1.0,650.0,1.0,224.0,1.0,1.0,1.0,1.0
ATCAAAGACTCCGTAAGCTACGG,U00096.3 E. coli MG1655 complete genome,3070395,ATCAAAGACTCCGTAAGCTACGG,-,0,1.0,650.0,1.0,224.0,1.0,1.0,1.0,1.0
ACATCGATACCGATACCCAATGG,U00096.3 E. coli MG1655 complete genome,3070358,ACATCGATACCGATACCCAATGG,-,0,1.0,650.0,1.0,224.0,1.0,1.0,1.0,1.0
CATCGATACCGATACCCAATGGG,U00096.3 E. coli MG1655 complete genome,3070357,CATCGATACCGATACCCAATGGG,-,0,1.0,650.0,1.0,224.0,1.0,1.0,1.0,1.0
CCGATACCCAATGGGCAACCTGG,U00096.3 E. coli MG1655 complete genome,3070349,CCGATACCCAATGGGCAACCTGG,-,0,1.0,650.0,1.0,224.0,1.0,1.0,1.0,1.0
CGATACCCAATGGGCAACCTGGG,U00096.3 E. coli MG1655 complete genome,3070348,CGATACCCAATGGGCAACCTGGG,-,0,1.0,650.0,1.0,224.0,1.0,1.0,1.0,1.0
ACCCAATGGGCAACCTGGGAAGG,U00096.3 E. coli MG1655 complete genome,3070344,ACCCAATGGGCAACCTGGGAAGG,-,0,1.0,650.0,1.0,224.0,1.0,1.0,1.0,1.0
AGCGAACGAAGCTTATCTGCAGG,U00096.3 E. coli MG1655 complete genome,3070303,AGCGAACGAAGCTTATCTGCAGG,-,0,1.0,650.0,1.0,224.0,1.0,1.0,1.0,1.0
GCGAACGAAGCTTATCTGCAGGG,U00096.3 E. coli MG1655 complete genome,3070302,GCGAACGAAGCTTATCTGCAGGG,-,0,1.0,650.0,1.0,224.0,1.0,1.0,1.0,1.0
AGCTTATCTGCAGGGTCAGCTGG,U00096.3 E. coli MG1655 complete genome,3070294,AGCTTATCTGCAGGGTCAGCTGG,-,0,1.0,650.0,1.0,224.0,1.0,1.0,1.0,1.0
GCTTATCTGCAGGGTCAGCTGGG,U00096.3 E. coli MG1655 complete genome,3070293,GCTTATCTGCAGGGTCAGCTGGG,-,1,1.0,650.0,1.0,224.0,1.0,1.0,1.0,1.0
GGTCAGCTGGGTAACCCGAAAGG,U00096.3 E. coli MG1655 complete genome,3070281,GGTCAGCTGGGTAACCCGAAAGG,-,0,1.0,650.0,1.0,224.0,1.0,1.0,1.0,1.0
GGTCAGCTGGGTAACCCGAAAGG,U00096.3 E. coli MG1655 complete genome,1082551,GGTCTGCTGACTAACCCGAAAGG,+,3,4.0090596906509734e-07,530.0,0.1454545456935065,207.88985987072002,4.0090177591658555e-07,0.5789473684210527,0.12674187141175083,0.6428837973613186
AATACTACGATCCGCGCGTATGG,U00096.3 E. coli MG1655 complete genome,3070238,AATACTACGATCCGCGCGTATGG,-,1,1.0,650.0,1.0,224.0,1.0,1.0,1.0,1.0
CCGCGCGTATGGCTGCGTGCCGG,U00096.3 E. coli MG1655 complete genome,3070227,CCGCGCGTATGGCTGCGTGCCGG,-,0,1.0,650.0,1.0,224.0,1.0,1.0,1.0,1.0
GACTTCGATGATCGCTCGTCTGG,U00096.3 E. coli MG1655 complete genome,3070201,GACTTCGATGATCGCTCGTCTGG,-,0,1.0,650.0,1.0,224.0,1.0,1.0,1.0,1.0
TCGTCTGGAGAAAGCATTCCAGG,U00096.3 E. coli MG1655 complete genome,3070186,TCGTCTGGAGAAAGCATTCCAGG,-,0,1.0,650.0,1.0,224.0,1.0,1.0,1.0,1.0
ATTCCTTTCTGCTTATCTCAAGG,U00096.3 E. coli MG1655 complete genome,3070134,ATTCCTTTCTGCTTATCTCAAGG,-,0,1.0,650.0,1.0,224.0,1.0,1.0,1.0,1.0
TTATCTCAAGGCCCGCTCTGCGG,U00096.3 E. coli MG1655 complete genome,3070122,TTATCTCAAGGCCCGCTCTGCGG,-,0,1.0,650.0,1.0,224.0,1.0,1.0,1.0,1.0
TATCTCAAGGCCCGCTCTGCGGG,U00096.3 E. coli MG1655 complete genome,3070121,TATCTCAAGGCCCGCTCTGCGGG,-,0,1.0,650.0,1.0,224.0,1.0,1.0,1.0,1.0
CCTGATGCGCTACGCTTATCAGG,U00096.3 E. coli MG1655 complete genome,1180354,CCTGATGCACTACGCTTATCAGG,+,1,0.040354925309329125,642.5,0.642857143,218.84021964800002,0.04035492530530519,0.9736842105263158,0.6350364964546148,0.8856222757239128
CCTGATGCGCTACGCTTATCAGG,U00096.3 E. coli MG1655 complete genome,3563582,CCTGATGCGCTACGCTTATCAGG,+,0,1.0,650.0,1.0,224.0,1.0,1.0,1.0,1.0
CCTGATGCGCTACGCTTATCAGG,U00096.3 E. coli MG1655 complete genome,4470440,CCTGATGCGCTACGCTTATCAGG,-,0,1.0,650.0,1.0,224.0,1.0,1.0,1.0,1.0
CCTGATGCGCTACGCTTATCAGG,U00096.3 E. coli MG1655 complete genome,2684117,CCTGATGCGCTACGCTTATCAGG,+,0,1.0,650.0,1.0,224.0,1.0,1.0,1.0,1.0
CCTGATGCGCTACGCTTATCAGG,U00096.3 E. coli MG1655 complete genome,2828561,CCTGATGCGCTACGCTCATCAGG,+,1,0.22854491851411007,575.0,0.705882353,201.81388893259566,0.22854491851087527,0.7368421052631579,0.6994418205495713,0.5081967213114759
CCTGATGCGCTACGCTTATCAGG,U00096.3 E. coli MG1655 complete genome,4373197,CCTGATGCGCTTCGCTTATCAGG,+,1,0.10646899848757667,545.0,0.333333333,215.083899551744,0.10646899848382997,0.631578947368421,0.3187347927688091,0.8023552924509207
CCTGATGCGCTACGCTTATCAGG,U00096.3 E. coli MG1655 complete genome,4080089,CCTGATGCGCTGCGCTTATCAGG,-,1,0.26370892285891634,545.0,0.7222222220000001,215.083899551744,0.263708922855829,0.631578947368421,0.7161394969018458,0.8023552924509207
CCTGATGCGCTACGCTTATCAGG,U00096.3 E. coli MG1655 complete genome,3304504,CCTGATGCGCTTCGCTTATCAGG,-,1,0.10646899848757667,545.0,0.333333333,215.083899551744,0.10646899848382997,0.631578947368421,0.3187347927688091,0.8023552924509207
CCTGATGCGCTACGCTTATCAGG,U00096.3 E. coli MG1655 complete genome,4050033,CCTGATGCGCTATGTTTATCAGG,+,2,0.00028427907614709055,440.0,0.046666666899999994,197.89365788750644,0.0002842790719551324,0.2631578947368421,0.025790754384944437,0.4212962962962961
CCTGATGCGCTACGCTTATCAGG,U00096.3 E. coli MG1655 complete genome,138699,CCTGATGCGCTACGCTTATCAGG,+,0,1.0,650.0,1.0,224.0,1.0,1.0,1.0,1.0
CCTGATGCGCTACGCTTATCAGG,U00096.3 E. coli MG1655 complete genome,3269722,CCTGATGCGCTACGCTTATCAGG,+,0,1.0,650.0,1.0,224.0,1.0,1.0,1.0,1.0
CCTGATGCGCTACGCTTATCAGG,U00096.3 E. coli MG1655 complete genome,2842473,CCCGATGCGCTGCGCTTATCGGG,-,3,0.0005053676822287414,537.5,0.3095238097380953,213.35589955174402,0.0005053676780377103,0.6052631578947368,0.2944038930823285,0.7640504240135526
CCTGATGCGCTACGCTTATCAGG,U00096.3 E. coli MG1655 complete genome,3740964,CCTGATGCGCTACGCTTATCAGG,+,0,1.0,650.0,1.0,224.0,1.0,1.0,1.0,1.0
CCTGATGCGCTACGCTTATCAGG,U00096.3 E. coli MG1655 complete genome,3252134,CCAGATGCGCTACGCTTATCTGG,-,2,0.020127790051787168,642.5,0.7142857140000001,222.272,0.02012779004767842,0.9736842105263158,0.7080291967549328,0.9616951315626312
CCTGATGCGCTACGCTTATCAGG,U00096.3 E. coli MG1655 complete genome,3512511,CCTGATGCGCTACGCTTATCAGG,+,0,1.0,650.0,1.0,224.0,1.0,1.0,1.0,1.0
CCTGATGCGCTACGCTTATCAGG,U00096.3 E. coli MG1655 complete genome,4374568,CCTGATTCGCTACGCTTATCAGG,-,1,0.0008372200152538903,642.5,0.571428571,220.4168192,0.0008372200110642508,0.9736842105263158,0.5620437951323992,0.9205710248082724
CCTGATGCGCTACGCTTATCAGG,U00096.3 E. coli MG1655 complete genome,1816254,CCTGATGCGCTTCGCTTATCAGG,-,1,0.10646899848757667,545.0,0.333333333,215.083899551744,0.10646899848382997,0.631578947368421,0.3187347927688091,0.8023552924509207
CCTGATGCGCTACGCTTATCAGG,U00096.3 E. coli MG1655 complete genome,1954498,CCTGATGCGCTATGCTTATCAGG,-,1,0.02171194885774991,545.0,0.7,213.3006794620928,0.021711948853647803,0.631578947368421,0.6934306568992488,0.762826350941105
CCTGATGCGCTACGCTTATCAGG,U00096.3 E. coli MG1655 complete genome,3598397,CCTGATGCGCTACGCTTATCAGG,+,0,1.0,650.0,1.0,224.0,1.0,1.0,1.0,1.0
CCTGATGCGCTACGCTTATCAGG,U00096.3 E. coli MG1655 complete genome,3774236,CCTGATGCGCTACGCTTATCAGG,+,0,1.0,650.0,1.0,224.0,1.0,1.0,1.0,1.0
CCTGATGCGCTACGCTTATCAGG,U00096.3 E. coli MG1655 complete genome,984430,CCTGATGCGCTACGCTTATCAGG,-,0,1.0,650.0,1.0,224.0,1.0,1.0,1.0,1.0
CCTGATGCGCTACGCTTATCAGG,U00096.3 E. coli MG1655 complete genome,2538604,CCTGATGCGCTACGCTTATCAGG,-,0,1.0,650.0,1.0,224.0,1.0,1.0,1.0,1.0
CCTGATGCGCTACGCTTATCAGG,U00096.3 E. coli MG1655 complete genome,1735983,CCTGAAGCGCTACGCTTATCAGG,+,1,3.427367713206066e-08,642.5,0.8666666670000001,221.014016,3.426948398201152e-08,0.9736842105263158,0.863746958962521,0.9338091873402271
CCTGATGCGCTACGCTTATCAGG,U00096.3 E. coli MG1655 complete genome,3590933,CCGGATGCGCTTCGCTTATCCGG,+,3,0.00032984158639269264,537.5,0.1666666665,213.35589955174402,0.0003298415822009256,0.6052631578947368,0.14841849121648581,0.7640504240135526
CCTGATGCGCTACGCTTATCAGG,U00096.3 E. coli MG1655 complete genome,490028,CCTGATGCGCTACGCTTATCAGG,-,0,1.0,650.0,1.0,224.0,1.0,1.0,1.0,1.0
CCTGATGCGCTACGCTTATCAGG,U00096.3 E. coli MG1655 complete genome,2002038,CCTGATGCGCTGCGCTTATCAGG,-,1,0.26370892285891634,545.0,0.7222222220000001,215.083899551744,0.263708922855829,0.631578947368421,0.7161394969018458,0.8023552924509207
CCTGATGCGCTACGCTTATCAGG,U00096.3 E. coli MG1655 complete genome,3676121,CCTGATGCGCTACGCTTATCAGG,+,0,1.0,650.0,1.0,224.0,1.0,1.0,1.0,1.0
CCTGATGCGCTACGCTTATCAGG,U00096.3 E. coli MG1655 complete genome,3877655,CCTGATGCGCTACGCTTATCAGG,-,0,1.0,650.0,1.0,224.0,1.0,1.0,1.0,1.0
CCTGATGCGCTACGCTTATCAGG,U00096.3 E. coli MG1655 complete genome,758498,CCTGATGCGCTGCGCTTATCAGG,-,1,0.26370892285891634,545.0,0.7222222220000001,215.083899551744,0.263708922855829,0.631578947368421,0.7161394969018458,0.8023552924509207
CCTGATGCGCTACGCTTATCAGG,U00096.3 E. coli MG1655 complete genome,3706032,CCTGATGCGCTCCGCTTATCAGG,-,1,0.03625573137298593,545.0,0.263157895,215.083899551744,0.036255731368944805,0.631578947368421,0.24702266633725073,0.8023552924509207
CCTGATGCGCTACGCTTATCAGG,U00096.3 E. coli MG1655 complete genome,3908387,CCTGATGCACTTCGCTAATCAGG,+,3,0.00018660938943615231,462.5,0.11428571412539681,187.73800813233964,0.00018660938524378462,0.34210526315789475,0.09489051068157303,0.19617428948630874
CCTGATGCGCTACGCTTATCAGG,U00096.3 E. coli MG1655 complete genome,1552139,CCTGATGCGCTACGCTTATCAGG,-,0,1.0,650.0,1.0,224.0,1.0,1.0,1.0,1.0
CCTGATGCGCTACGCTTATCAGG,U00096.3 E. coli MG1655 complete genome,4108571,CCTGATGCGCTTCGCTTATCAGG,+,1,0.10646899848757667,545.0,0.333333333,215.083899551744,0.10646899848382997,0.631578947368421,0.3187347927688091,0.8023552924509207
CCTGATGCGCTACGCTTATCAGG,U00096.3 E. coli MG1655 complete genome,1552317,CCTGATGCGCTACGCTTATCAGG,-,0,1.0,650.0,1.0,224.0,1.0,1.0,1.0,1.0
CCTGATGCGCTACGCTTATCAGG,U00096.3 E. coli MG1655 complete genome,361208,CCTGATACGCTGCGCTTATCAGG,-,2,2.9254020132682222e-05,537.5,0.7222222220000001,211.50071875174402,2.9254015939654695e-05,0.6052631578947368,0.7161394969018458,0.7229263172591938
CCTGATGCGCTACGCTTATCAGG,U00096.3 E. coli MG1655 complete genome,2549466,CCTGATGCGCTACGCTTATCAGG,+,0,1.0,650.0,1.0,224.0,1.0,1.0,1.0,1.0
CCTGATGCGCTACGCTTATCAGG,U00096.3 E. coli MG1655 complete genome,3150667,CCTGATGCGCTACGCTTATCAGG,-,0,1.0,650.0,1.0,224.0,1.0,1.0,1.0,1.0
CCTGATGCGCTACGCTTATCAGG,U00096.3 E. coli MG1655 complete genome,845701,CCTGATGCGCTACGCTTATCAGG,-,0,1.0,650.0,1.0,224.0,1.0,1.0,1.0,1.0
CCTGATGCGCTACGCTTATCAGG,U00096.3 E. coli MG1655 complete genome,3150780,CCTGATGCGCTACGCTCATCAGG,-,1,0.22854491851411007,575.0,0.705882353,201.81388893259566,0.22854491851087527,0.7368421052631579,0.6994418205495713,0.5081967213114759
CCTGATGCGCTACGCTTATCAGG,U00096.3 E. coli MG1655 complete genome,3070072,CCTGATGCGCTACGCTTATCAGG,-,0,1.0,650.0,1.0,224.0,1.0,1.0,1.0,1.0
CCTGATGCGCTACGCTTATCAGG,U00096.3 E. coli MG1655 complete genome,2291201,CCTGATGCGCTACGCTTATCAGG,+,0,1.0,650.0,1.0,224.0,1.0,1.0,1.0,1.0
CCTGATGCGCTACGCTTATCAGG,U00096.3 E. coli MG1655 complete genome,1366833,TCTGATGCGCTGCGCTTATCAGG,+,2,0.26370892285891634,537.5,0.7222222220000001,213.883899551744,0.263708922855829,0.6052631578947368,0.7161394969018458,0.775754689369415
CCTGATGCGCTACGCTTATCAGG,U00096.3 E. coli MG1655 complete genome,3592634,CCTGATGCGCTGCGCTTATCAGG,-,1,0.26370892285891634,545.0,0.7222222220000001,215.083899551744,0.263708922855829,0.631578947368421,0.7161394969018458,0.8023552924509207
CCTGATGCGCTACGCTTATCAGG,U00096.3 E. coli MG1655 complete genome,3012526,CCTGATGCGCTACGCTTATCAGG,-,0,1.0,650.0,1.0,224.0,1.0,1.0,1.0,1.0
CCTGATGCGCTACGCTTATCAGG,U00096.3 E. coli MG1655 complete genome,339808,CCTGATGCGCTACGCTTATCAGG,-,0,1.0,650.0,1.0,224.0,1.0,1.0,1.0,1.0
CCTGATGCGCTACGCTTATCAGG,U00096.3 E. coli MG1655 complete genome,707837,CCTGATGCGCTACGCTTATCAGG,+,0,1.0,650.0,1.0,224.0,1.0,1.0,1.0,1.0
CCTGATGCGCTACGCTTATCAGG,U00096.3 E. coli MG1655 complete genome,4569946,CCTGATGCGCTATGCTTATCAGG,+,1,0.02171194885774991,545.0,0.7,213.3006794620928,0.021711948853647803,0.631578947368421,0.6934306568992488,0.762826350941105
CCTGATGCGCTACGCTTATCAGG,U00096.3 E. coli MG1655 complete genome,4128020,CCTGATGCGCTACGCTTATCAGG,-,0,1.0,650.0,1.0,224.0,1.0,1.0,1.0,1.0
CCTGATGCGCTACGCTTATCAGG,U00096.3 E. coli MG1655 complete genome,339901,CCTGATGCGCTACGCTTATCAGG,-,0,1.0,650.0,1.0,224.0,1.0,1.0,1.0,1.0
CCTGATGCGCTACGCTTATCAGG,U00096.3 E. coli MG1655 complete genome,3101746,CCTGATGCGCTACGCTTATCAGG,-,0,1.0,650.0,1.0,224.0,1.0,1.0,1.0,1.0
CCTGATGCGCTACGCTTATCAGG,U00096.3 E. coli MG1655 complete genome,339994,CCTGATGCGCTACGCTTATCAGG,-,0,1.0,650.0,1.0,224.0,1.0,1.0,1.0,1.0
CCTGATGCGCTACGCTTATCAGG,U00096.3 E. coli MG1655 complete genome,340086,CCTGATGCGCTACGCTTATCAGG,-,0,1.0,650.0,1.0,224.0,1.0,1.0,1.0,1.0
CCTGATGCGCTACGCTTATCAGG,U00096.3 E. coli MG1655 complete genome,1691425,CCTGATGCGCTACGCTTATCAGG,+,0,1.0,650.0,1.0,224.0,1.0,1.0,1.0,1.0
CCTGATGCGCTACGCTTATCAGG,U00096.3 E. coli MG1655 complete genome,4409222,CCTGATGCACTACGTTTATCCGG,-,3,0.001585126368906225,537.5,0.04285714308095238,203.43319807341365,0.0015851263647197217,0.6052631578947368,0.02189781033583746,0.5440922210791039
CCTGATGCGCTACGCTTATCAGG,U00096.3 E. coli MG1655 complete genome,430968,CCTGATGCGCTACGCTTATCAGG,+,0,1.0,650.0,1.0,224.0,1.0,1.0,1.0,1.0
CCTGATGCGCTACGCTTATCAGG,U00096.3 E. coli MG1655 complete genome,543155,CCTGATGCGCTTCGCTTATCAGG,-,1,0.10646899848757667,545.0,0.333333333,215.083899551744,0.10646899848382997,0.631578947368421,0.3187347927688091,0.8023552924509207
CCTGATGCGCTACGCTTATCAGG,U00096.3 E. coli MG1655 complete genome,445258,CCTGCTGCGCTACGCTTATCAGG,-,1,0.011792651099237767,642.5,0.5,221.51168,0.011792651095094064,0.9736842105263158,0.48905109483208126,0.9448409894501896
CCTGATGCGCTACGCTTATCAGG,U00096.3 E. coli MG1655 complete genome,857616,CCTGATGCGCTACGCTTATCAGG,+,0,1.0,650.0,1.0,224.0,1.0,1.0,1.0,1.0
CCTGATGCGCTACGCTTATCAGG,U00096.3 E. coli MG1655 complete genome,3330529,CCTGATGCGCTACGCTTATCAGG,-,0,1.0,650.0,1.0,224.0,1.0,1.0,1.0,1.0
CCTGATGCGCTACGCTTATCAGG,U00096.3 E. coli MG1655 complete genome,1068354,CCTGATGCGCGATGCTTATCAGG,+,2,7.120167047016533e-05,440.0,0.27999999999999997,205.8705957552128,7.12016662773137e-05,0.2631578947368421,0.264233576558197,0.598122427983539
CCTGATGCGCTACGCTTATCAGG,U00096.3 E. coli MG1655 complete genome,2714283,CCTGATGCGCTACGCTTATCAGG,+,0,1.0,650.0,1.0,224.0,1.0,1.0,1.0,1.0
CCTGATGCGCTACGCTTATCAGG,U00096.3 E. coli MG1655 complete genome,3650783,CCTGATGCGCTACGCCTGTCAGG,-,2,9.023248468437442e-05,500.0,0.2666666668,178.88824082961114,9.023248049160259e-05,0.47368421052631576,0.2506082725566389,0.0
CCTGATGCGCTACGCTTATCAGG,U00096.3 E. coli MG1655 complete genome,357534,CCTGATGCGCTACGCTTATCAGG,-,0,1.0,650.0,1.0,224.0,1.0,1.0,1.0,1.0
CCTGATGCGCTACGCTTATCAGG,U00096.3 E. coli MG1655 complete genome,4344815,CCTGATGCGATATGTTTATCAGG,+,3,5.849035078178398e-06,432.5,0.040444444662222225,191.70192146510647,5.849030885052731e-06,0.23684210526315788,0.01943227910473638,0.28404302716499175
CCTGATGCGCTACGCTTATCAGG,U00096.3 E. coli MG1655 complete genome,815585,CCTGATGCGCTACGCTTATCAGG,+,0,1.0,650.0,1.0,224.0,1.0,1.0,1.0,1.0
CCTGATGCGCTACGCTTATCAGG,U00096.3 E. coli MG1655 complete genome,899765,CCTGATGCGCTACGCTTATCAGG,-,0,1.0,650.0,1.0,224.0,1.0,1.0,1.0,1.0
CCTGATGCGCTACGCTTATCAGG,U00096.3 E. coli MG1655 complete genome,277675,CCTGATGCGCTGCGCTTATCAGG,-,1,0.26370892285891634,545.0,0.7222222220000001,215.083899551744,0.263708922855829,0.631578947368421,0.7161394969018458,0.8023552924509207
CCTGATGCGCTACGCTTATCAGG,U00096.3 E. coli MG1655 complete genome,357734,CCTGATGCGCTACGCTTATCAGG,-,0,1.0,650.0,1.0,224.0,1.0,1.0,1.0,1.0
CCTGATGCGCTACGCTTATCAGG,U00096.3 E. coli MG1655 complete genome,4618117,CCTGATGCGCTGCGCTTATCAGG,+,1,0.26370892285891634,545.0,0.7222222220000001,215.083899551744,0.263708922855829,0.631578947368421,0.7161394969018458,0.8023552924509207
CCTGATGCGCTACGCTTATCAGG,U00096.3 E. coli MG1655 complete genome,3639278,CCTGATGCGCTACGCTTATCAGG,-,0,1.0,650.0,1.0,224.0,1.0,1.0,1.0,1.0
CCTGATGCGCTACGCTTATCAGG,U00096.3 E. coli MG1655 complete genome,610117,CCTGATGCGCTACGCTTATCAGG,+,0,1.0,650.0,1.0,224.0,1.0,1.0,1.0,1.0
CCTGATGCGCTACGCTTATCAGG,U00096.3 E. coli MG1655 complete genome,1113417,CCTGATGCGCTACGCTTATCAGG,+,0,1.0,650.0,1.0,224.0,1.0,1.0,1.0,1.0
CCTGATGCGCTACGCTTATCAGG,U00096.3 E. coli MG1655 complete genome,699494,CCTGATGCGCTACGCTTATCAGG,-,0,1.0,650.0,1.0,224.0,1.0,1.0,1.0,1.0
CCTGATGCGCTACGCTTATCAGG,U00096.3 E. coli MG1655 complete genome,4253932,CCTGATGCGCGGCGCTTCTCAGG,+,3,0.00024778070905090134,365.0,0.055026454871957675,181.03048256397878,0.00024778070485879017,0.0,0.034333603408359864,0.047487435067125494
CCTGATGCGCTACGCTTATCAGG,U00096.3 E. coli MG1655 complete genome,4137858,CCTGATGCGCTACGCTTATCAGG,-,0,1.0,650.0,1.0,224.0,1.0,1.0,1.0,1.0
CCTGATGCGCTACGCTTATCAGG,U00096.3 E. coli MG1655 complete genome,2654970,CCTGATGCGCTACGCTTATCAGG,+,0,1.0,650.0,1.0,224.0,1.0,1.0,1.0,1.0
CCTGATGCGCTACGCTTATCAGG,U00096.3 E. coli MG1655 complete genome,832289,CCTGATGCGCTACGCTTATCAGG,+,0,1.0,650.0,1.0,224.0,1.0,1.0,1.0,1.0
CCTGATGCGCTACGCTTATCAGG,U00096.3 E. coli MG1655 complete genome,715264,CCTGATGCGCTACGCTTATCAGG,+,0,1.0,650.0,1.0,224.0,1.0,1.0,1.0,1.0
CCTGATGCGCTACGCTTATCAGG,U00096.3 E. coli MG1655 complete genome,2945896,CCTGATGCGCTACGCTTATCAGG,+,0,1.0,650.0,1.0,224.0,1.0,1.0,1.0,1.0
CCTGATAAGCGTAGCGCATCAGG,U00096.3 E. coli MG1655 complete genome,770749,ACTGGCAAGCGTAGCGCATCAGG,+,3,1.9412964450007678e-10,627.5,0.65454545448,217.325696,1.8993649430803213e-10,0.9210526315789473,0.6469807563625501,0.8520495737089103
CCTGATAAGCGTAGCGCATCAGG,U00096.3 E. coli MG1655 complete genome,1180350,CCTGATAAGCGTAGTGCATCAGG,-,1,0.11783887766530797,545.0,0.066666667,208.59297842541363,0.11783887766160894,0.631578947368421,0.046228710693850976,0.6584699453551911
CCTGATAAGCGTAGCGCATCAGG,U00096.3 E. coli MG1655 complete genome,3563578,CCTGATAAGCGTAGCGCATCAGG,-,0,1.0,650.0,1.0,224.0,1.0,1.0,1.0,1.0
CCTGATAAGCGTAGCGCATCAGG,U00096.3 E. coli MG1655 complete genome,2828557,CCTGATGAGCGTAGCGCATCAGG,-,1,0.0008339858501502276,642.5,0.705882353,220.4168192,0.0008339858459605746,0.9736842105263158,0.6994418205495713,0.9205710248082724
CCTGATAAGCGTAGCGCATCAGG,U00096.3 E. coli MG1655 complete genome,3827392,CTTGATAAGCGAAGCGTATCAGG,+,3,0.0002661247367086182,462.5,0.3393939396024243,191.45778848433966,0.00026612473251658397,0.34210526315789475,0.32492811338513344,0.2786312900645895
CCTGATAAGCGTAGCGCATCAGG,U00096.3 E. coli MG1655 complete genome,3512507,CCTGATAAGCGTAGCGCATCAGG,-,0,1.0,650.0,1.0,224.0,1.0,1.0,1.0,1.0
CCTGATAAGCGTAGCGCATCAGG,U00096.3 E. coli MG1655 complete genome,3269718,CCTGATAAGCGTAGCGCATCAGG,-,0,1.0,650.0,1.0,224.0,1.0,1.0,1.0,1.0
CCTGATAAGCGTAGCGCATCAGG,U00096.3 E. coli MG1655 complete genome,815581,CCTGATAAGCGTAGCGCATCAGG,-,0,1.0,650.0,1.0,224.0,1.0,1.0,1.0,1.0
CCTGATAAGCGTAGCGCATCAGG,U00096.3 E. coli MG1655 complete genome,857612,CCTGATAAGCGTAGCGCATCAGG,-,0,1.0,650.0,1.0,224.0,1.0,1.0,1.0,1.0
CCTGATAAGCGTAGCGCATCAGG,U00096.3 E. coli MG1655 complete genome,699498,CCTGATAAGCGTAGCGCATCAGG,+,0,1.0,650.0,1.0,224.0,1.0,1.0,1.0,1.0
CCTGATAAGCGTAGCGCATCAGG,U00096.3 E. coli MG1655 complete genome,1816258,CCTGATAAGCGAAGCGCATCAGG,+,1,0.22139608305231537,545.0,0.8,215.083899551744,0.2213960830490506,0.631578947368421,0.7956204379328325,0.8023552924509207
CCTGATAAGCGTAGCGCATCAGG,U00096.3 E. coli MG1655 complete genome,899769,CCTGATAAGCGTAGCGCATCAGG,+,0,1.0,650.0,1.0,224.0,1.0,1.0,1.0,1.0
CCTGATAAGCGTAGCGCATCAGG,U00096.3 E. coli MG1655 complete genome,1954502,CCTGATAAGCATAGCGCATCAGG,+,1,0.03428955284731801,545.0,1.0,216.56991629312,0.034289552843268636,0.631578947368421,1.0,0.835296077042434
CCTGATAAGCGTAGCGCATCAGG,U00096.3 E. coli MG1655 complete genome,832285,CCTGATAAGCGTAGCGCATCAGG,-,0,1.0,650.0,1.0,224.0,1.0,1.0,1.0,1.0
CCTGATAAGCGTAGCGCATCAGG,U00096.3 E. coli MG1655 complete genome,715260,CCTGATAAGCGTAGCGCATCAGG,-,0,1.0,650.0,1.0,224.0,1.0,1.0,1.0,1.0
CCTGATAAGCGTAGCGCATCAGG,U00096.3 E. coli MG1655 complete genome,610113,CCTGATAAGCGTAGCGCATCAGG,-,0,1.0,650.0,1.0,224.0,1.0,1.0,1.0,1.0
CCTGATAAGCGTAGCGCATCAGG,U00096.3 E. coli MG1655 complete genome,707833,CCTGATAAGCGTAGCGCATCAGG,-,0,1.0,650.0,1.0,224.0,1.0,1.0,1.0,1.0
CCTGATAAGCGTAGCGCATCAGG,U00096.3 E. coli MG1655 complete genome,1068350,CCTGATAAGCATCGCGCATCAGG,-,2,0.00013675326157778752,440.0,0.21052631600000002,205.8705957552128,0.00013675325738521076,0.2631578947368421,0.19323857100263314,0.598122427983539
CCTGATAAGCGTAGCGCATCAGG,U00096.3 E. coli MG1655 complete genome,984434,CCTGATAAGCGTAGCGCATCAGG,+,0,1.0,650.0,1.0,224.0,1.0,1.0,1.0,1.0
CCTGATAAGCGTAGCGCATCAGG,U00096.3 E. coli MG1655 complete genome,3706036,CCTGATAAGCGGAGCGCATCAGG,+,1,0.1783705151571873,545.0,0.5,215.083899551744,0.1783705151537421,0.631578947368421,0.48905109483208126,0.8023552924509207
CCTGATAAGCGTAGCGCATCAGG,U00096.3 E. coli MG1655 complete genome,3304508,CCTGATAAGCGAAGCGCATCAGG,+,1,0.22139608305231537,545.0,0.8,215.083899551744,0.2213960830490506,0.631578947368421,0.7956204379328325,0.8023552924509207
CCTGATAAGCGTAGCGCATCAGG,U00096.3 E. coli MG1655 complete genome,758502,CCTGATAAGCGCAGCGCATCAGG,+,1,0.15930072114685756,545.0,0.947368421,215.083899551744,0.1593007211433324,0.631578947368421,0.9462159046653823,0.8023552924509207
CCTGATAAGCGTAGCGCATCAGG,U00096.3 E. coli MG1655 complete genome,2684113,CCTGATAAGCGTAGCGCATCAGG,-,0,1.0,650.0,1.0,224.0,1.0,1.0,1.0,1.0
CCTGATAAGCGTAGCGCATCAGG,U00096.3 E. coli MG1655 complete genome,1113413,CCTGATAAGCGTAGCGCATCAGG,-,0,1.0,650.0,1.0,224.0,1.0,1.0,1.0,1.0
CCTGATAAGCGTAGCGCATCAGG,U00096.3 E. coli MG1655 complete genome,2654966,CCTGATAAGCGTAGCGCATCAGG,-,0,1.0,650.0,1.0,224.0,1.0,1.0,1.0,1.0
CCTGATAAGCGTAGCGCATCAGG,U00096.3 E. coli MG1655 complete genome,845705,CCTGATAAGCGTAGCGCATCAGG,+,0,1.0,650.0,1.0,224.0,1.0,1.0,1.0,1.0
CCTGATAAGCGTAGCGCATCAGG,U00096.3 E. coli MG1655 complete genome,4080093,CCTGATAAGCGCAGCGCATCAGG,+,1,0.15930072114685756,545.0,0.947368421,215.083899551744,0.1593007211433324,0.631578947368421,0.9462159046653823,0.8023552924509207
CCTGATAAGCGTAGCGCATCAGG,U00096.3 E. coli MG1655 complete genome,3070076,CCTGATAAGCGTAGCGCATCAGG,+,0,1.0,650.0,1.0,224.0,1.0,1.0,1.0,1.0
CCTGATAAGCGTAGCGCATCAGG,U00096.3 E. coli MG1655 complete genome,3101750,CCTGATAAGCGTAGCGCATCAGG,+,0,1.0,650.0,1.0,224.0,1.0,1.0,1.0,1.0
CCTGATAAGCGTAGCGCATCAGG,U00096.3 E. coli MG1655 complete genome,2291197,CCTGATAAGCGTAGCGCATCAGG,-,0,1.0,650.0,1.0,224.0,1.0,1.0,1.0,1.0
CCTGATAAGCGTAGCGCATCAGG,U00096.3 E. coli MG1655 complete genome,2945892,CCTGATAAGCGTAGCGCATCAGG,-,0,1.0,650.0,1.0,224.0,1.0,1.0,1.0,1.0
CCTGATAAGCGTAGCGCATCAGG,U00096.3 E. coli MG1655 complete genome,2842477,CCCGATAAGCGCAGCGCATCGGG,+,3,0.0003052814267738096,537.5,0.4060150379774436,213.35589955174402,0.00030528142258193957,0.6052631578947368,0.39300806793673404,0.7640504240135526
CCTGATAAGCGTAGCGCATCAGG,U00096.3 E. coli MG1655 complete genome,138695,CCTGATAAGCGTAGCGCATCAGG,-,0,1.0,650.0,1.0,224.0,1.0,1.0,1.0,1.0
CCTGATAAGCGTAGCGCATCAGG,U00096.3 E. coli MG1655 complete genome,3774232,CCTGATAAGCGTAGCGCATCAGG,-,0,1.0,650.0,1.0,224.0,1.0,1.0,1.0,1.0
CCTGATAAGCGTAGCGCATCAGG,U00096.3 E. coli MG1655 complete genome,2538608,CCTGATAAGCGTAGCGCATCAGG,+,0,1.0,650.0,1.0,224.0,1.0,1.0,1.0,1.0
CCTGATAAGCGTAGCGCATCAGG,U00096.3 E. coli MG1655 complete genome,2002042,CCTGATAAGCGCAGCGCATCAGG,+,1,0.15930072114685756,545.0,0.947368421,215.083899551744,0.1593007211433324,0.631578947368421,0.9462159046653823,0.8023552924509207
CCTGATAAGCGTAGCGCATCAGG,U00096.3 E. coli MG1655 complete genome,3252138,CCAGATAAGCGTAGCGCATCTGG,+,2,0.020127790051787168,642.5,0.7142857140000001,222.272,0.02012779004767842,0.9736842105263158,0.7080291967549328,0.9616951315626312
CCTGATAAGCGTAGCGCATCAGG,U00096.3 E. coli MG1655 complete genome,339812,CCTGATAAGCGTAGCGCATCAGG,+,0,1.0,650.0,1.0,224.0,1.0,1.0,1.0,1.0
CCTGATAAGCGTAGCGCATCAGG,U00096.3 E. coli MG1655 complete genome,4128024,CCTGATAAGCGTAGCGCATCAGG,+,0,1.0,650.0,1.0,224.0,1.0,1.0,1.0,1.0
CCTGATAAGCGTAGCGCATCAGG,U00096.3 E. coli MG1655 complete genome,339905,CCTGATAAGCGTAGCGCATCAGG,+,0,1.0,650.0,1.0,224.0,1.0,1.0,1.0,1.0
CCTGATAAGCGTAGCGCATCAGG,U00096.3 E. coli MG1655 complete genome,339998,CCTGATAAGCGTAGCGCATCAGG,+,0,1.0,650.0,1.0,224.0,1.0,1.0,1.0,1.0
CCTGATAAGCGTAGCGCATCAGG,U00096.3 E. coli MG1655 complete genome,4373193,CCTGATAAGCGAAGCGCATCAGG,-,1,0.22139608305231537,545.0,0.8,215.083899551744,0.2213960830490506,0.631578947368421,0.7956204379328325,0.8023552924509207
CCTGATAAGCGTAGCGCATCAGG,U00096.3 E. coli MG1655 complete genome,340090,CCTGATAAGCGTAGCGCATCAGG,+,0,1.0,650.0,1.0,224.0,1.0,1.0,1.0,1.0
CCTGATAAGCGTAGCGCATCAGG,U00096.3 E. coli MG1655 complete genome,4050029,CCTGATAAACATAGCGCATCAGG,-,2,0.00015375026044931245,537.5,0.642857143,211.41013594112002,0.00015375025625680695,0.6052631578947368,0.6350364964546148,0.7209183527663469
CCTGATAAGCGTAGCGCATCAGG,U00096.3 E. coli MG1655 complete genome,3676117,CCTGATAAGCGTAGCGCATCAGG,-,0,1.0,650.0,1.0,224.0,1.0,1.0,1.0,1.0
CCTGATAAGCGTAGCGCATCAGG,U00096.3 E. coli MG1655 complete genome,4108567,CCTGATAAGCGAAGCGCATCAGG,-,1,0.22139608305231537,545.0,0.8,215.083899551744,0.2213960830490506,0.631578947368421,0.7956204379328325,0.8023552924509207
CCTGATAAGCGTAGCGCATCAGG,U00096.3 E. coli MG1655 complete genome,3590929,CCGGATAAGCGAAGCGCATCCGG,-,3,0.0006858863734275196,537.5,0.4,213.35589955174402,0.0006858863692372455,0.6052631578947368,0.38686131379849753,0.7640504240135526
CCTGATAAGCGTAGCGCATCAGG,U00096.3 E. coli MG1655 complete genome,1552143,CCTGATAAGCGTAGCGCATCAGG,+,0,1.0,650.0,1.0,224.0,1.0,1.0,1.0,1.0
CCTGATAAGCGTAGCGCATCAGG,U00096.3 E. coli MG1655 complete genome,2714279,CCTGATAAGCGTAGCGCATCAGG,-,0,1.0,650.0,1.0,224.0,1.0,1.0,1.0,1.0
CCTGATAAGCGTAGCGCATCAGG,U00096.3 E. coli MG1655 complete genome,2549462,CCTGATAAGCGTAGCGCATCAGG,-,0,1.0,650.0,1.0,224.0,1.0,1.0,1.0,1.0
CCTGATAAGCGTAGCGCATCAGG,U00096.3 E. coli MG1655 complete genome,1552321,CCTGATAAGCGTAGCGCATCAGG,+,0,1.0,650.0,1.0,224.0,1.0,1.0,1.0,1.0
CCTGATAAGCGTAGCGCATCAGG,U00096.3 E. coli MG1655 complete genome,3598393,CCTGATAAGCGTAGCGCATCAGG,-,0,1.0,650.0,1.0,224.0,1.0,1.0,1.0,1.0
CCTGATAAGCGTAGCGCATCAGG,U00096.3 E. coli MG1655 complete genome,4470444,CCTGATAAGCGTAGCGCATCAGG,+,0,1.0,650.0,1.0,224.0,1.0,1.0,1.0,1.0
CCTGATAAGCGTAGCGCATCAGG,U00096.3 E. coli MG1655 complete genome,4569942,CCTGATAAGCATAGCGCATCAGG,-,1,0.03428955284731801,545.0,1.0,216.56991629312,0.034289552843268636,0.631578947368421,1.0,0.835296077042434
CCTGATAAGCGTAGCGCATCAGG,U00096.3 E. coli MG1655 complete genome,4374572,CCTGATAAGCGTAGCGAATCAGG,+,1,0.24097113243291682,575.0,0.46666666700000003,201.81388893259566,0.24097113242973411,0.7368421052631579,0.454987834828186,0.5081967213114759
CCTGATAAGCGTAGCGCATCAGG,U00096.3 E. coli MG1655 complete genome,3592638,CCTGATAAGCGCAGCGCATCAGG,+,1,0.15930072114685756,545.0,0.947368421,215.083899551744,0.1593007211433324,0.631578947368421,0.9462159046653823,0.8023552924509207
CCTGATAAGCGTAGCGCATCAGG,U00096.3 E. coli MG1655 complete genome,361212,CCTGATAAGCGCAGCGTATCAGG,+,2,0.00940843169817945,470.0,0.4421052634491228,192.89778848433966,0.00940843169402575,0.3684210526315789,0.4298885903207697,0.31055201376239655
CCTGATAAGCGTAGCGCATCAGG,U00096.3 E. coli MG1655 complete genome,3012530,CCTGATAAGCGTAGCGCATCAGG,+,0,1.0,650.0,1.0,224.0,1.0,1.0,1.0,1.0
CCTGATAAGCGTAGCGCATCAGG,U00096.3 E. coli MG1655 complete genome,445262,CCTGATAAGCGTAGCGCAGCAGG,+,1,0.21329794383313874,575.0,0.25,192.05200006293774,0.21329794382984,0.7368421052631579,0.23357664224812189,0.2918032786885249
CCTGATAAGCGTAGCGCATCAGG,U00096.3 E. coli MG1655 complete genome,430964,CCTGATAAGCGTAGCGCATCAGG,-,0,1.0,650.0,1.0,224.0,1.0,1.0,1.0,1.0
CCTGATAAGCGTAGCGCATCAGG,U00096.3 E. coli MG1655 complete genome,543159,CCTGATAAGCGAAGCGCATCAGG,+,1,0.22139608305231537,545.0,0.8,215.083899551744,0.2213960830490506,0.631578947368421,0.7956204379328325,0.8023552924509207
CCTGATAAGCGTAGCGCATCAGG,U00096.3 E. coli MG1655 complete genome,1691421,CCTGATAAGCGTAGCGCATCAGG,-,0,1.0,650.0,1.0,224.0,1.0,1.0,1.0,1.0
CCTGATAAGCGTAGCGCATCAGG,U00096.3 E. coli MG1655 complete genome,3740960,CCTGATAAGCGTAGCGCATCAGG,-,0,1.0,650.0,1.0,224.0,1.0,1.0,1.0,1.0
CCTGATAAGCGTAGCGCATCAGG,U00096.3 E. coli MG1655 complete genome,3639282,CCTGATAAGCGTAGCGCATCAGG,+,0,1.0,650.0,1.0,224.0,1.0,1.0,1.0,1.0
CCTGATAAGCGTAGCGCATCAGG,U00096.3 E. coli MG1655 complete genome,3150671,CCTGATAAGCGTAGCGCATCAGG,+,0,1.0,650.0,1.0,224.0,1.0,1.0,1.0,1.0
CCTGATAAGCGTAGCGCATCAGG,U00096.3 E. coli MG1655 complete genome,3150784,CCTGATGAGCGTAGCGCATCAGG,+,1,0.0008339858501502276,642.5,0.705882353,220.4168192,0.0008339858459605746,0.9736842105263158,0.6994418205495713,0.9205710248082724
CCTGATAAGCGTAGCGCATCAGG,U00096.3 E. coli MG1655 complete genome,3330533,CCTGATAAGCGTAGCGCATCAGG,+,0,1.0,650.0,1.0,224.0,1.0,1.0,1.0,1.0
CCTGATAAGCGTAGCGCATCAGG,U00096.3 E. coli MG1655 complete genome,4253928,CCTGAGAAGCGCCGCGCATCAGG,-,3,2.3321335652089157e-10,432.5,0.11396913338187574,201.39859501383683,2.290202063290108e-10,0.23684210526315788,0.09456699751297436,0.4989908307322534
CCTGATAAGCGTAGCGCATCAGG,U00096.3 E. coli MG1655 complete genome,3650787,CCTGACAGGCGTAGCGCATCAGG,+,2,4.193150192841092e-12,635.0,0.6666666662969697,216.71419904,0.0,0.9473684210526315,0.6593673961769283,0.8384944171101545
CCTGATAAGCGTAGCGCATCAGG,U00096.3 E. coli MG1655 complete genome,357538,CCTGATAAGCGTAGCGCATCAGG,+,0,1.0,650.0,1.0,224.0,1.0,1.0,1.0,1.0
CCTGATAAGCGTAGCGCATCAGG,U00096.3 E. coli MG1655 complete genome,277679,CCTGATAAGCGCAGCGCATCAGG,+,1,0.15930072114685756,545.0,0.947368421,215.083899551744,0.1593007211433324,0.631578947368421,0.9462159046653823,0.8023552924509207
CCTGATAAGCGTAGCGCATCAGG,U00096.3 E. coli MG1655 complete genome,490032,CCTGATAAGCGTAGCGCATCAGG,+,0,1.0,650.0,1.0,224.0,1.0,1.0,1.0,1.0
CCTGATAAGCGTAGCGCATCAGG,U00096.3 E. coli MG1655 complete genome,4137862,CCTGATAAGCGTAGCGCATCAGG,+,0,1.0,650.0,1.0,224.0,1.0,1.0,1.0,1.0
CCTGATAAGCGTAGCGCATCAGG,U00096.3 E. coli MG1655 complete genome,4409226,CCGGATAAACGTAGTGCATCAGG,+,3,9.821461713362984e-06,530.0,0.02142857154047619,201.70519807341364,9.821457520253973e-06,0.5789473684210527,0.0,0.5057873526417352
CCTGATAAGCGTAGCGCATCAGG,U00096.3 E. coli MG1655 complete genome,3877659,CCTGATAAGCGTAGCGCATCAGG,+,0,1.0,650.0,1.0,224.0,1.0,1.0,1.0,1.0
CCTGATAAGCGTAGCGCATCAGG,U00096.3 E. coli MG1655 complete genome,357738,CCTGATAAGCGTAGCGCATCAGG,+,0,1.0,650.0,1.0,224.0,1.0,1.0,1.0,1.0
CCTGATAAGCGTAGCGCATCAGG,U00096.3 E. coli MG1655 complete genome,3908383,CCTGATTAGCGAAGTGCATCAGG,-,3,1.404735811641307e-05,432.5,0.02333333345,196.09369717715765,1.404735392332178e-05,0.23684210526315788,0.0019464720245534917,0.38139626261438486
CCTGATAAGCGTAGCGCATCAGG,U00096.3 E. coli MG1655 complete genome,1735979,CCTGATAAGCGTAGCGCTTCAGG,-,1,0.40252804875034803,575.0,0.5,197.37666671911478,0.40252804874784276,0.7368421052631579,0.48905109483208126,0.4098360655737708
CCTGATAAGCGTAGCGCATCAGG,U00096.3 E. coli MG1655 complete genome,4344811,CCTGATAAACATATCGCATCAGG,-,3,3.357648618566894e-05,432.5,0.17142857168095235,198.57095129563137,3.3576481992659535e-05,0.23684210526315788,0.1532846716939279,0.4363099738956727
CCTGATAAGCGTAGCGCATCAGG,U00096.3 E. coli MG1655 complete genome,4618113,CCTGATAAGCGCAGCGCATCAGG,-,1,0.15930072114685756,545.0,0.947368421,215.083899551744,0.1593007211433324,0.631578947368421,0.9462159046653823,0.8023552924509207
GCATCAGGCAATTTTGCTTTTGG,U00096.3 E. coli MG1655 complete genome,3070091,GCATCAGGCAATTTTGCTTTTGG,+,1,1.0,650.0,1.0,224.0,1.0,1.0,1.0,1.0
GCATCAGGCAATTTTGCTTTTGG,U00096.3 E. coli MG1655 complete genome,2842492,GCATCGGGCAATTTAGCATTTGG,+,3,2.3160324241869693e-08,462.5,0.2756892228847118,178.9836611445284,2.315613109177395e-08,0.34210526315789475,0.2598284028632382,0.002115198269188988
CGAAAAAAAGACCCGCAGAGCGG,U00096.3 E. coli MG1655 complete genome,3070114,CGAAAAAAAGACCCGCAGAGCGG,+,0,1.0,650.0,1.0,224.0,1.0,1.0,1.0,1.0
GAAAAAAAGACCCGCAGAGCGGG,U00096.3 E. coli MG1655 complete genome,3070115,GAAAAAAAGACCCGCAGAGCGGG,+,0,1.0,650.0,1.0,224.0,1.0,1.0,1.0,1.0
GGGCCTTGAGATAAGCAGAAAGG,U00096.3 E. coli MG1655 complete genome,3070135,GGGCCTTGAGATAAGCAGAAAGG,+,0,1.0,650.0,1.0,224.0,1.0,1.0,1.0,1.0
CGTCGATCGCGTTCAGTTCCTGG,U00096.3 E. coli MG1655 complete genome,3070172,CGTCGATCGCGTTCAGTTCCTGG,+,0,1.0,650.0,1.0,224.0,1.0,1.0,1.0,1.0
AGCGATCATCGAAGTCTGACCGG,U00096.3 E. coli MG1655 complete genome,3070212,AGCGATCATCGAAGTCTGACCGG,+,0,1.0,650.0,1.0,224.0,1.0,1.0,1.0,1.0
CCGGCACGCAGCCATACGCGCGG,U00096.3 E. coli MG1655 complete genome,3070231,CCGGCACGCAGCCATACGCGCGG,+,0,1.0,650.0,1.0,224.0,1.0,1.0,1.0,1.0
GGATCGTAGTATTTCTTGTTCGG,U00096.3 E. coli MG1655 complete genome,3070252,GGATCGTAGTATTTCTTGTTCGG,+,0,1.0,650.0,1.0,224.0,1.0,1.0,1.0,1.0
TTCGGCTGATCTTCGCCTTTCGG,U00096.3 E. coli MG1655 complete genome,3070270,TTCGGCTGATCTTCGCCTTTCGG,+,0,1.0,650.0,1.0,224.0,1.0,1.0,1.0,1.0
TCGGCTGATCTTCGCCTTTCGGG,U00096.3 E. coli MG1655 complete genome,3070271,TCGGCTGATCTTCGCCTTTCGGG,+,0,1.0,650.0,1.0,224.0,1.0,1.0,1.0,1.0
GTAGTTCAGAACGCCTTCCCAGG,U00096.3 E. coli MG1655 complete genome,3070335,GTAGTTCAGAACGCCTTCCCAGG,+,0,1.0,650.0,1.0,224.0,1.0,1.0,1.0,1.0
CGCCTTCCCAGGTTGCCCATTGG,U00096.3 E. coli MG1655 complete genome,3070346,CGCCTTCCCAGGTTGCCCATTGG,+,0,1.0,650.0,1.0,224.0,1.0,1.0,1.0,1.0
GCCTTCCCAGGTTGCCCATTGGG,U00096.3 E. coli MG1655 complete genome,3070347,GCCTTCCCAGGTTGCCCATTGGG,+,0,1.0,650.0,1.0,224.0,1.0,1.0,1.0,1.0
CCAGGTTGCCCATTGGGTATCGG,U00096.3 E. coli MG1655 complete genome,3070353,CCAGGTTGCCCATTGGGTATCGG,+,0,1.0,650.0,1.0,224.0,1.0,1.0,1.0,1.0
TTTTACTACGCCGTAGCTTACGG,U00096.3 E. coli MG1655 complete genome,3070389,TTTTACTACGCCGTAGCTTACGG,+,0,1.0,650.0,1.0,224.0,1.0,1.0,1.0,1.0
GATTTCCTGAGCAGTAGAACCGG,U00096.3 E. coli MG1655 complete genome,3070419,GATTTCCTGAGCAGTAGAACCGG,+,0,1.0,650.0,1.0,224.0,1.0,1.0,1.0,1.0
CAGTAGAACCGGAACCACCGTGG,U00096.3 E. coli MG1655 complete genome,3070430,CAGTAGAACCGGAACCACCGTGG,+,0,1.0,650.0,1.0,224.0,1.0,1.0,1.0,1.0
TTTATCAGTGGTGAAAGTAAAGG,U00096.3 E. coli MG1655 complete genome,3432894,ATTATCAGTGGTCTAAGTAAAGG,-,3,0.000443155942059545,432.5,0.22456140359298246,199.26149481660417,0.0004431559378682531,0.23684210526315788,0.20758099628177357,0.4516173689889251
TTTATCAGTGGTGAAAGTAAAGG,U00096.3 E. coli MG1655 complete genome,1755961,TTTATCAGTGGTGAAAGTAAAGG,-,0,1.0,650.0,1.0,224.0,1.0,1.0,1.0,1.0
GTTACCGCCTTCCAGTTTCATGG,U00096.3 E. coli MG1655 complete genome,1755913,GTTACCGCCTTCCAGTTTCATGG,-,0,1.0,650.0,1.0,224.0,1.0,1.0,1.0,1.0
CGCCTTCCAGTTTCATGGTGCGG,U00096.3 E. coli MG1655 complete genome,1755908,CGCCTTCCAGTTTCATGGTGCGG,-,0,1.0,650.0,1.0,224.0,1.0,1.0,1.0,1.0
AGTTTCATGGTGCGGATTTCCGG,U00096.3 E. coli MG1655 complete genome,1755900,AGTTTCATGGTGCGGATTTCCGG,-,0,1.0,650.0,1.0,224.0,1.0,1.0,1.0,1.0
GGTGCGGATTTCCGGACCTTTGG,U00096.3 E. coli MG1655 complete genome,1755892,GGTGCGGATTTCCGGACCTTTGG,-,0,1.0,650.0,1.0,224.0,1.0,1.0,1.0,1.0
CCGGACCTTTGGTATCAAGCAGG,U00096.3 E. coli MG1655 complete genome,1755881,CCGGACCTTTGGTATCAAGCAGG,-,0,1.0,650.0,1.0,224.0,1.0,1.0,1.0,1.0
TTTGGTATCAAGCAGGATAGCGG,U00096.3 E. coli MG1655 complete genome,1755874,TTTGGTATCAAGCAGGATAGCGG,-,0,1.0,650.0,1.0,224.0,1.0,1.0,1.0,1.0
GGTATCAAGCAGGATAGCGGCGG,U00096.3 E. coli MG1655 complete genome,1755871,GGTATCAAGCAGGATAGCGGCGG,-,0,1.0,650.0,1.0,224.0,1.0,1.0,1.0,1.0
AGCTAACATCTCTTCAGATTCGG,U00096.3 E. coli MG1655 complete genome,1755733,AGCTAACATCTCTTCAGATTCGG,-,0,1.0,650.0,1.0,224.0,1.0,1.0,1.0,1.0
ATCTCTTCAGATTCGGTTTTCGG,U00096.3 E. coli MG1655 complete genome,1755726,ATCTCTTCAGATTCGGTTTTCGG,-,0,1.0,650.0,1.0,224.0,1.0,1.0,1.0,1.0
AGATTCGGTTTTCGGTCCGATGG,U00096.3 E. coli MG1655 complete genome,1755718,AGATTCGGTTTTCGGTCCGATGG,-,0,1.0,650.0,1.0,224.0,1.0,1.0,1.0,1.0
TCCGATGGTGCAAACAATTTTGG,U00096.3 E. coli MG1655 complete genome,1755703,TCCGATGGTGCAAACAATTTTGG,-,0,1.0,650.0,1.0,224.0,1.0,1.0,1.0,1.0
TCTTAGTCTTTAAGTTGAGAAGG,U00096.3 E. coli MG1655 complete genome,1755665,TCTTAGTCTTTAAGTTGAGAAGG,-,0,1.0,650.0,1.0,224.0,1.0,1.0,1.0,1.0
AGTCTTTAAGTTGAGAAGGATGG,U00096.3 E. coli MG1655 complete genome,1755661,AGTCTTTAAGTTGAGAAGGATGG,-,0,1.0,650.0,1.0,224.0,1.0,1.0,1.0,1.0
GTCTTTAAGTTGAGAAGGATGGG,U00096.3 E. coli MG1655 complete genome,1755660,GTCTTTAAGTTGAGAAGGATGGG,-,0,1.0,650.0,1.0,224.0,1.0,1.0,1.0,1.0
GATGGGAGAAACTTGCTTTCTGG,U00096.3 E. coli MG1655 complete genome,1755643,GATGGGAGAAACTTGCTTTCTGG,-,0,1.0,650.0,1.0,224.0,1.0,1.0,1.0,1.0
ATGGGAGAAACTTGCTTTCTGGG,U00096.3 E. coli MG1655 complete genome,1755642,ATGGGAGAAACTTGCTTTCTGGG,-,0,1.0,650.0,1.0,224.0,1.0,1.0,1.0,1.0
TTGCTTTCTGGGCGCACTGCCGG,U00096.3 E. coli MG1655 complete genome,1755631,TTGCTTTCTGGGCGCACTGCCGG,-,0,1.0,650.0,1.0,224.0,1.0,1.0,1.0,1.0
GCACTGCCGGAAAGCGAATCCGG,U00096.3 E. coli MG1655 complete genome,1755618,GCACTGCCGGAAAGCGAATCCGG,-,0,1.0,650.0,1.0,224.0,1.0,1.0,1.0,1.0
CGAATCCGGTATTACGAAAGTGG,U00096.3 E. coli MG1655 complete genome,1755604,CGAATCCGGTATTACGAAAGTGG,-,0,1.0,650.0,1.0,224.0,1.0,1.0,1.0,1.0
ATCCGGTATTACGAAAGTGGTGG,U00096.3 E. coli MG1655 complete genome,1755601,ATCCGGTATTACGAAAGTGGTGG,-,0,1.0,650.0,1.0,224.0,1.0,1.0,1.0,1.0
CACCACCACTTTCGTAATACCGG,U00096.3 E. coli MG1655 complete genome,1755603,CACCACCACTTTCGTAATACCGG,+,0,1.0,650.0,1.0,224.0,1.0,1.0,1.0,1.0
GTAATACCGGATTCGCTTTCCGG,U00096.3 E. coli MG1655 complete genome,1755616,GTAATACCGGATTCGCTTTCCGG,+,0,1.0,650.0,1.0,224.0,1.0,1.0,1.0,1.0
ACCAAAATTGTTTGCACCATCGG,U00096.3 E. coli MG1655 complete genome,1755706,ACCAAAATTGTTTGCACCATCGG,+,0,1.0,650.0,1.0,224.0,1.0,1.0,1.0,1.0
AGAGATGTTAGCTAAAATGCTGG,U00096.3 E. coli MG1655 complete genome,1755747,AGAGATGTTAGCTAAAATGCTGG,+,0,1.0,650.0,1.0,224.0,1.0,1.0,1.0,1.0
TTAGCTAAAATGCTGGACGCTGG,U00096.3 E. coli MG1655 complete genome,1755754,TTAGCTAAAATGCTGGACGCTGG,+,0,1.0,650.0,1.0,224.0,1.0,1.0,1.0,1.0
ATGCGTCTGAACTTCTCTCATGG,U00096.3 E. coli MG1655 complete genome,1755787,ATGCGTCTGAACTTCTCTCATGG,+,0,1.0,650.0,1.0,224.0,1.0,1.0,1.0,1.0
CATGGTGACTATGCAGAACACGG,U00096.3 E. coli MG1655 complete genome,1755805,CATGGTGACTATGCAGAACACGG,+,0,1.0,650.0,1.0,224.0,1.0,1.0,1.0,1.0
CGCAACGTGATGAGCAAAACTGG,U00096.3 E. coli MG1655 complete genome,1755847,CGCAACGTGATGAGCAAAACTGG,+,0,1.0,650.0,1.0,224.0,1.0,1.0,1.0,1.0
GCTATCCTGCTTGATACCAAAGG,U00096.3 E. coli MG1655 complete genome,1755880,GCTATCCTGCTTGATACCAAAGG,+,0,1.0,650.0,1.0,224.0,1.0,1.0,1.0,1.0
CCTGCTTGATACCAAAGGTCCGG,U00096.3 E. coli MG1655 complete genome,1755885,CCTGCTTGATACCAAAGGTCCGG,+,0,1.0,650.0,1.0,224.0,1.0,1.0,1.0,1.0
GGAAATCCGCACCATGAAACTGG,U00096.3 E. coli MG1655 complete genome,1755906,GGAAATCCGCACCATGAAACTGG,+,0,1.0,650.0,1.0,224.0,1.0,1.0,1.0,1.0
ATCCGCACCATGAAACTGGAAGG,U00096.3 E. coli MG1655 complete genome,1755910,ATCCGCACCATGAAACTGGAAGG,+,0,1.0,650.0,1.0,224.0,1.0,1.0,1.0,1.0
CGCACCATGAAACTGGAAGGCGG,U00096.3 E. coli MG1655 complete genome,1755913,CGCACCATGAAACTGGAAGGCGG,+,0,1.0,650.0,1.0,224.0,1.0,1.0,1.0,1.0
AACGACGTTTCTCTGAAAGCTGG,U00096.3 E. coli MG1655 complete genome,1755937,AACGACGTTTCTCTGAAAGCTGG,+,0,1.0,650.0,1.0,224.0,1.0,1.0,1.0,1.0
CATGTACGTGTAAATTCTGCCGG,U00096.3 E. coli MG1655 complete genome,1806631,CATGTACGTGTAAATTCTGCCGG,-,0,1.0,650.0,1.0,224.0,1.0,1.0,1.0,1.0
ATGTACGTGTAAATTCTGCCGGG,U00096.3 E. coli MG1655 complete genome,1806630,ATGTACGTGTAAATTCTGCCGGG,-,0,1.0,650.0,1.0,224.0,1.0,1.0,1.0,1.0
ATTCTGCCGGGTCCAGTCTTTGG,U00096.3 E. coli MG1655 complete genome,1806618,ATTCTGCCGGGTCCAGTCTTTGG,-,0,1.0,650.0,1.0,224.0,1.0,1.0,1.0,1.0
TTTGGCTTCTACAGTAGCGACGG,U00096.3 E. coli MG1655 complete genome,1806600,TTTGGCTTCTACAGTAGCGACGG,-,0,1.0,650.0,1.0,224.0,1.0,1.0,1.0,1.0
TTGGCTTCTACAGTAGCGACGGG,U00096.3 E. coli MG1655 complete genome,1806599,TTGGCTTCTACAGTAGCGACGGG,-,0,1.0,650.0,1.0,224.0,1.0,1.0,1.0,1.0
TGGCTTCTACAGTAGCGACGGGG,U00096.3 E. coli MG1655 complete genome,1806598,TGGCTTCTACAGTAGCGACGGGG,-,0,1.0,650.0,1.0,224.0,1.0,1.0,1.0,1.0
CATCCGCCAACAGTGAAACCAGG,U00096.3 E. coli MG1655 complete genome,1806568,CATCCGCCAACAGTGAAACCAGG,-,0,1.0,650.0,1.0,224.0,1.0,1.0,1.0,1.0
CAGTGAAACCAGGTGTTCGCCGG,U00096.3 E. coli MG1655 complete genome,1806558,CAGTGAAACCAGGTGTTCGCCGG,-,0,1.0,650.0,1.0,224.0,1.0,1.0,1.0,1.0
TCGCCGGTCGCGCCACCCGCCGG,U00096.3 E. coli MG1655 complete genome,1806542,TCGCCGGTCGCGCCACCCGCCGG,-,0,1.0,650.0,1.0,224.0,1.0,1.0,1.0,1.0
CGCCGGTCGCGCCACCCGCCGGG,U00096.3 E. coli MG1655 complete genome,1612477,CGCCGGTAGCCCCACCCGCCAGG,+,3,1.2244486255938211e-08,537.5,0.27857142885,212.27009933312002,1.2240293105796696e-08,0.6052631578947368,0.26277372282810313,0.7399813068123614
CGCCGGTCGCGCCACCCGCCGGG,U00096.3 E. coli MG1655 complete genome,1806541,CGCCGGTCGCGCCACCCGCCGGG,-,0,1.0,650.0,1.0,224.0,1.0,1.0,1.0,1.0
ACCCGCCGGGAAGATCGCTGTGG,U00096.3 E. coli MG1655 complete genome,1806528,ACCCGCCGGGAAGATCGCTGTGG,-,0,1.0,650.0,1.0,224.0,1.0,1.0,1.0,1.0
CTGTGGCACTGCCTCCAAGATGG,U00096.3 E. coli MG1655 complete genome,1806511,CTGTGGCACTGCCTCCAAGATGG,-,0,1.0,650.0,1.0,224.0,1.0,1.0,1.0,1.0
TGTGGCACTGCCTCCAAGATGGG,U00096.3 E. coli MG1655 complete genome,1806510,TGTGGCACTGCCTCCAAGATGGG,-,0,1.0,650.0,1.0,224.0,1.0,1.0,1.0,1.0
ACTGCCTCCAAGATGGGCAATGG,U00096.3 E. coli MG1655 complete genome,1806504,ACTGCCTCCAAGATGGGCAATGG,-,0,1.0,650.0,1.0,224.0,1.0,1.0,1.0,1.0
CTCCAAGATGGGCAATGGCGCGG,U00096.3 E. coli MG1655 complete genome,1806499,CTCCAAGATGGGCAATGGCGCGG,-,0,1.0,650.0,1.0,224.0,1.0,1.0,1.0,1.0
TCCAAGATGGGCAATGGCGCGGG,U00096.3 E. coli MG1655 complete genome,1806498,TCCAAGATGGGCAATGGCGCGGG,-,0,1.0,650.0,1.0,224.0,1.0,1.0,1.0,1.0
GACGTTGATGCCGCCGCCCCCGG,U00096.3 E. coli MG1655 complete genome,1806474,GACGTTGATGCCGCCGCCCCCGG,-,0,1.0,650.0,1.0,224.0,1.0,1.0,1.0,1.0
ACGTTGATGCCGCCGCCCCCGGG,U00096.3 E. coli MG1655 complete genome,1806473,ACGTTGATGCCGCCGCCCCCGGG,-,0,1.0,650.0,1.0,224.0,1.0,1.0,1.0,1.0
CCGCCCCCGGGTTCGAACACCGG,U00096.3 E. coli MG1655 complete genome,1806461,CCGCCCCCGGGTTCGAACACCGG,-,0,1.0,650.0,1.0,224.0,1.0,1.0,1.0,1.0
CCCGGGTTCGAACACCGGTGCGG,U00096.3 E. coli MG1655 complete genome,1806456,CCCGGGTTCGAACACCGGTGCGG,-,0,1.0,650.0,1.0,224.0,1.0,1.0,1.0,1.0
GGTACAGCGCAGTTTTCCTTCGG,U00096.3 E. coli MG1655 complete genome,1806435,GGTACAGCGCAGTTTTCCTTCGG,-,0,1.0,650.0,1.0,224.0,1.0,1.0,1.0,1.0
GTACAGCGCAGTTTTCCTTCGGG,U00096.3 E. coli MG1655 complete genome,1806434,GTACAGCGCAGTTTTCCTTCGGG,-,0,1.0,650.0,1.0,224.0,1.0,1.0,1.0,1.0
TTTCCTTCGGGATAAATTTGCGG,U00096.3 E. coli MG1655 complete genome,1806422,TTTCCTTCGGGATAAATTTGCGG,-,0,1.0,650.0,1.0,224.0,1.0,1.0,1.0,1.0
TTCCTTCGGGATAAATTTGCGGG,U00096.3 E. coli MG1655 complete genome,1806421,TTCCTTCGGGATAAATTTGCGGG,-,0,1.0,650.0,1.0,224.0,1.0,1.0,1.0,1.0
TCCTTCGGGATAAATTTGCGGGG,U00096.3 E. coli MG1655 complete genome,1806420,TCCTTCGGGATAAATTTGCGGGG,-,0,1.0,650.0,1.0,224.0,1.0,1.0,1.0,1.0
AATTGTTGCGCTATCGAGAGAGG,U00096.3 E. coli MG1655 complete genome,1806396,AATTGTTGCGCTATCGAGAGAGG,-,0,1.0,650.0,1.0,224.0,1.0,1.0,1.0,1.0
ATTGTTGCGCTATCGAGAGAGGG,U00096.3 E. coli MG1655 complete genome,1806395,ATTGTTGCGCTATCGAGAGAGGG,-,0,1.0,650.0,1.0,224.0,1.0,1.0,1.0,1.0
GTACCATCATTTCCTCCTATAGG,U00096.3 E. coli MG1655 complete genome,1806349,GTACCATCATTTCCTCCTATAGG,-,0,1.0,650.0,1.0,224.0,1.0,1.0,1.0,1.0
CCTATAGGCTGATTTCAGTCTGG,U00096.3 E. coli MG1655 complete genome,1806334,CCTATAGGCTGATTTCAGTCTGG,-,0,1.0,650.0,1.0,224.0,1.0,1.0,1.0,1.0
TCAGTCTGGCACCGAATCAGCGG,U00096.3 E. coli MG1655 complete genome,1806320,TCAGTCTGGCACCGAATCAGCGG,-,0,1.0,650.0,1.0,224.0,1.0,1.0,1.0,1.0
AAATTAACAATATGATTTATTGG,U00096.3 E. coli MG1655 complete genome,1806288,AAATTAACAATATGATTTATTGG,-,0,1.0,650.0,1.0,224.0,1.0,1.0,1.0,1.0
TTCTTCACTTTCCGCTGATTCGG,U00096.3 E. coli MG1655 complete genome,1806313,TTCTTCACTTTCCGCTGATTCGG,+,0,1.0,650.0,1.0,224.0,1.0,1.0,1.0,1.0
CCAGACTGAAATCAGCCTATAGG,U00096.3 E. coli MG1655 complete genome,1806338,CCAGACTGAAATCAGCCTATAGG,+,0,1.0,650.0,1.0,224.0,1.0,1.0,1.0,1.0
GACTGAAATCAGCCTATAGGAGG,U00096.3 E. coli MG1655 complete genome,1806341,GACTGAAATCAGCCTATAGGAGG,+,0,1.0,650.0,1.0,224.0,1.0,1.0,1.0,1.0
CAGCCTATAGGAGGAAATGATGG,U00096.3 E. coli MG1655 complete genome,1806350,CAGCCTATAGGAGGAAATGATGG,+,0,1.0,650.0,1.0,224.0,1.0,1.0,1.0,1.0
ACCCCGCAAATTTATCCCGAAGG,U00096.3 E. coli MG1655 complete genome,1806423,ACCCCGCAAATTTATCCCGAAGG,+,0,1.0,650.0,1.0,224.0,1.0,1.0,1.0,1.0
AAAACTGCGCTGTACCGCACCGG,U00096.3 E. coli MG1655 complete genome,1806446,AAAACTGCGCTGTACCGCACCGG,+,0,1.0,650.0,1.0,224.0,1.0,1.0,1.0,1.0
ACCGCACCGGTGTTCGAACCCGG,U00096.3 E. coli MG1655 complete genome,1806459,ACCGCACCGGTGTTCGAACCCGG,+,0,1.0,650.0,1.0,224.0,1.0,1.0,1.0,1.0
CCGCACCGGTGTTCGAACCCGGG,U00096.3 E. coli MG1655 complete genome,1806460,CCGCACCGGTGTTCGAACCCGGG,+,0,1.0,650.0,1.0,224.0,1.0,1.0,1.0,1.0
CGCACCGGTGTTCGAACCCGGGG,U00096.3 E. coli MG1655 complete genome,1806461,CGCACCGGTGTTCGAACCCGGGG,+,0,1.0,650.0,1.0,224.0,1.0,1.0,1.0,1.0
GCACCGGTGTTCGAACCCGGGGG,U00096.3 E. coli MG1655 complete genome,1806462,GCACCGGTGTTCGAACCCGGGGG,+,0,1.0,650.0,1.0,224.0,1.0,1.0,1.0,1.0
CCGGTGTTCGAACCCGGGGGCGG,U00096.3 E. coli MG1655 complete genome,1806465,CCGGTGTTCGAACCCGGGGGCGG,+,0,1.0,650.0,1.0,224.0,1.0,1.0,1.0,1.0
GTGTTCGAACCCGGGGGCGGCGG,U00096.3 E. coli MG1655 complete genome,1806468,GTGTTCGAACCCGGGGGCGGCGG,+,0,1.0,650.0,1.0,224.0,1.0,1.0,1.0,1.0
GCCCGCGCCATTGCCCATCTTGG,U00096.3 E. coli MG1655 complete genome,1806501,GCCCGCGCCATTGCCCATCTTGG,+,0,1.0,650.0,1.0,224.0,1.0,1.0,1.0,1.0
CGCGCCATTGCCCATCTTGGAGG,U00096.3 E. coli MG1655 complete genome,1806504,CGCGCCATTGCCCATCTTGGAGG,+,0,1.0,650.0,1.0,224.0,1.0,1.0,1.0,1.0
CAGTGCCACAGCGATCTTCCCGG,U00096.3 E. coli MG1655 complete genome,1806527,CAGTGCCACAGCGATCTTCCCGG,+,0,1.0,650.0,1.0,224.0,1.0,1.0,1.0,1.0
TGCCACAGCGATCTTCCCGGCGG,U00096.3 E. coli MG1655 complete genome,1806530,TGCCACAGCGATCTTCCCGGCGG,+,0,1.0,650.0,1.0,224.0,1.0,1.0,1.0,1.0
GCCACAGCGATCTTCCCGGCGGG,U00096.3 E. coli MG1655 complete genome,1806531,GCCACAGCGATCTTCCCGGCGGG,+,0,1.0,650.0,1.0,224.0,1.0,1.0,1.0,1.0
ACAGCGATCTTCCCGGCGGGTGG,U00096.3 E. coli MG1655 complete genome,1806534,ACAGCGATCTTCCCGGCGGGTGG,+,0,1.0,650.0,1.0,224.0,1.0,1.0,1.0,1.0
TTCCCGGCGGGTGGCGCGACCGG,U00096.3 E. coli MG1655 complete genome,1806543,TTCCCGGCGGGTGGCGCGACCGG,+,0,1.0,650.0,1.0,224.0,1.0,1.0,1.0,1.0
TGGCGCGACCGGCGAACACCTGG,U00096.3 E. coli MG1655 complete genome,1806554,TGGCGCGACCGGCGAACACCTGG,+,0,1.0,650.0,1.0,224.0,1.0,1.0,1.0,1.0
CGAACACCTGGTTTCACTGTTGG,U00096.3 E. coli MG1655 complete genome,1806566,CGAACACCTGGTTTCACTGTTGG,+,0,1.0,650.0,1.0,224.0,1.0,1.0,1.0,1.0
ACACCTGGTTTCACTGTTGGCGG,U00096.3 E. coli MG1655 complete genome,1806569,ACACCTGGTTTCACTGTTGGCGG,+,0,1.0,650.0,1.0,224.0,1.0,1.0,1.0,1.0
CTACTGTAGAAGCCAAAGACTGG,U00096.3 E. coli MG1655 complete genome,1806610,CTACTGTAGAAGCCAAAGACTGG,+,0,1.0,650.0,1.0,224.0,1.0,1.0,1.0,1.0
TAGAAGCCAAAGACTGGACCCGG,U00096.3 E. coli MG1655 complete genome,1806616,TAGAAGCCAAAGACTGGACCCGG,+,0,1.0,650.0,1.0,224.0,1.0,1.0,1.0,1.0
GCAGAATTTACACGTACATGTGG,U00096.3 E. coli MG1655 complete genome,1806638,GCAGAATTTACACGTACATGTGG,+,0,1.0,650.0,1.0,224.0,1.0,1.0,1.0,1.0
