Gene,spacer,PAM,Target_strand
gpmA,GTGACGTTCGTTCAGTTTCC,AGG,coding
gpmA,CAGTTTCCAGGATTTCTCAA,CGG,coding
gpmA,AGTTTCCAGGATTTCTCAAC,GGG,coding
gpmA,GTTCGTCCAGCACATTCCAC,AGG,coding
gpmA,TTCGTCCAGCACATTCCACA,GGG,coding
gpmA,CCAGCACATTCCACAGGGTA,TGG,coding
gpmA,CAGATCCACGTCGTACCAAC,CGG,coding
gpmA,CGTCGTACCAACCGGTGAAA,CGG,coding
gpmA,GCATTGCTGTTGCTTCGTCG,CGG,non-coding
gpmA,TATCATTAAAAGATGATTTG,AGG,non-coding
gpmA,TGATTTGAGGAGTAAGTATA,TGG,non-coding
gpmA,GTATATGGCTGTAACTAAGC,TGG,non-coding
gpmA,GGCTGTAACTAAGCTGGTTC,TGG,non-coding
gpmA,AAGCTGGTTCTGGTTCGTCA,TGG,non-coding
gpmA,TTCGTCATGGCGAAAGTCAG,TGG,non-coding
gpmA,AACAAAGAAAACCGTTTCAC,CGG,non-coding
gpmA,AAGAAAACCGTTTCACCGGT,TGG,non-coding
gpmA,TTTCACCGGTTGGTACGACG,TGG,non-coding
gpmA,GACGTGGATCTGTCTGAGAA,AGG,non-coding
gpmA,GTAAGCGAAGCAAAAGCAGC,AGG,non-coding
gpmA,GGTAAGCTGCTGAAAGAGGA,AGG,non-coding
gpmA,AACGCGCTATCCATACCCTG,TGG,non-coding
gpmA,GTGGAATGTGCTGGACGAAC,TGG,non-coding
gpmA,TGTGCTGGACGAACTGGATC,AGG,non-coding
gpmA,TGGACGAACTGGATCAGGCA,TGG,non-coding
gpmA,GGCTGCCCGTTGAGAAATCC,TGG,non-coding
gpmA,AAACTGAACGAACGTCACTA,CGG,non-coding
gpmA,CGTCACTACGGTGCGTTGCA,GGG,non-coding
fbaA,TTCGTATTCCACGGTGGTTC,CGG,coding
fbaA,TGGTTCCGGTTCTACTGCTC,AGG,coding
fbaA,ATCAAAGACTCCGTAAGCTA,CGG,coding
fbaA,ACATCGATACCGATACCCAA,TGG,coding
fbaA,CATCGATACCGATACCCAAT,GGG,coding
fbaA,CCGATACCCAATGGGCAACC,TGG,coding
fbaA,CGATACCCAATGGGCAACCT,GGG,coding
fbaA,AGCGAACGAAGCTTATCTGC,AGG,coding
fbaA,GCGAACGAAGCTTATCTGCA,GGG,coding
fbaA,AGCTTATCTGCAGGGTCAGC,TGG,coding
fbaA,GCTTATCTGCAGGGTCAGCT,GGG,coding
fbaA,GGTCAGCTGGGTAACCCGAA,AGG,coding
fbaA,AATACTACGATCCGCGCGTA,TGG,coding
fbaA,GACTTCGATGATCGCTCGTC,TGG,coding
fbaA,TCGTCTGGAGAAAGCATTCC,AGG,coding
fbaA,ATTCCTTTCTGCTTATCTCA,AGG,coding
fbaA,TTATCTCAAGGCCCGCTCTG,CGG,coding
fbaA,TATCTCAAGGCCCGCTCTGC,GGG,coding
fbaA,GCATCAGGCAATTTTGCTTT,TGG,non-coding
fbaA,CGAAAAAAAGACCCGCAGAG,CGG,non-coding
fbaA,GAAAAAAAGACCCGCAGAGC,GGG,non-coding
fbaA,GGGCCTTGAGATAAGCAGAA,AGG,non-coding
fbaA,CGTCGATCGCGTTCAGTTCC,TGG,non-coding
fbaA,AGCGATCATCGAAGTCTGAC,CGG,non-coding
fbaA,CCGGCACGCAGCCATACGCG,CGG,non-coding
fbaA,GGATCGTAGTATTTCTTGTT,CGG,non-coding
fbaA,TTCGGCTGATCTTCGCCTTT,CGG,non-coding
fbaA,TCGGCTGATCTTCGCCTTTC,GGG,non-coding
fbaA,GTAGTTCAGAACGCCTTCCC,AGG,non-coding
fbaA,CGCCTTCCCAGGTTGCCCAT,TGG,non-coding
fbaA,GCCTTCCCAGGTTGCCCATT,GGG,non-coding
fbaA,TTTTACTACGCCGTAGCTTA,CGG,non-coding
fbaA,GATTTCCTGAGCAGTAGAAC,CGG,non-coding
fbaA,CAGTAGAACCGGAACCACCG,TGG,non-coding
pykF,TTTATCAGTGGTGAAAGTAA,AGG,coding
pykF,GTTACCGCCTTCCAGTTTCA,TGG,coding
pykF,CGCCTTCCAGTTTCATGGTG,CGG,coding
pykF,AGTTTCATGGTGCGGATTTC,CGG,coding
pykF,CCGGACCTTTGGTATCAAGC,AGG,coding
pykF,TTTGGTATCAAGCAGGATAG,CGG,coding
pykF,GGTATCAAGCAGGATAGCGG,CGG,coding
pykF,AGCTAACATCTCTTCAGATT,CGG,coding
pykF,ATCTCTTCAGATTCGGTTTT,CGG,coding
pykF,AGATTCGGTTTTCGGTCCGA,TGG,coding
pykF,TCCGATGGTGCAAACAATTT,TGG,coding
pykF,TCTTAGTCTTTAAGTTGAGA,AGG,coding
pykF,AGTCTTTAAGTTGAGAAGGA,TGG,coding
pykF,GTCTTTAAGTTGAGAAGGAT,GGG,coding
pykF,GATGGGAGAAACTTGCTTTC,TGG,coding
pykF,ATGGGAGAAACTTGCTTTCT,GGG,coding
pykF,TTGCTTTCTGGGCGCACTGC,CGG,coding
pykF,GCACTGCCGGAAAGCGAATC,CGG,coding
pykF,CGAATCCGGTATTACGAAAG,TGG,coding
pykF,ATCCGGTATTACGAAAGTGG,TGG,coding
pykF,GTAATACCGGATTCGCTTTC,CGG,non-coding
pykF,ACCAAAATTGTTTGCACCAT,CGG,non-coding
pykF,AGAGATGTTAGCTAAAATGC,TGG,non-coding
pykF,TTAGCTAAAATGCTGGACGC,TGG,non-coding
pykF,ATGCGTCTGAACTTCTCTCA,TGG,non-coding
pykF,CATGGTGACTATGCAGAACA,CGG,non-coding
pykF,CGCAACGTGATGAGCAAAAC,TGG,non-coding
pykF,GCTATCCTGCTTGATACCAA,AGG,non-coding
pykF,CCTGCTTGATACCAAAGGTC,CGG,non-coding
pykF,GGAAATCCGCACCATGAAAC,TGG,non-coding
pykF,ATCCGCACCATGAAACTGGA,AGG,non-coding
pykF,CGCACCATGAAACTGGAAGG,CGG,non-coding
pykF,AACGACGTTTCTCTGAAAGC,TGG,non-coding
pfkB,CATGTACGTGTAAATTCTGC,CGG,coding
pfkB,ATGTACGTGTAAATTCTGCC,GGG,coding
pfkB,ATTCTGCCGGGTCCAGTCTT,TGG,coding
pfkB,TTTGGCTTCTACAGTAGCGA,CGG,coding
pfkB,TTGGCTTCTACAGTAGCGAC,GGG,coding
pfkB,TGGCTTCTACAGTAGCGACG,GGG,coding
pfkB,CATCCGCCAACAGTGAAACC,AGG,coding
pfkB,CAGTGAAACCAGGTGTTCGC,CGG,coding
pfkB,TCGCCGGTCGCGCCACCCGC,CGG,coding
pfkB,CGCCGGTCGCGCCACCCGCC,GGG,coding
pfkB,ACCCGCCGGGAAGATCGCTG,TGG,coding
pfkB,CTGTGGCACTGCCTCCAAGA,TGG,coding
pfkB,TGTGGCACTGCCTCCAAGAT,GGG,coding
pfkB,CTCCAAGATGGGCAATGGCG,CGG,coding
pfkB,TCCAAGATGGGCAATGGCGC,GGG,coding
pfkB,GACGTTGATGCCGCCGCCCC,CGG,coding
pfkB,ACGTTGATGCCGCCGCCCCC,GGG,coding
pfkB,CCGCCCCCGGGTTCGAACAC,CGG,coding
pfkB,GGTACAGCGCAGTTTTCCTT,CGG,coding
pfkB,GTACAGCGCAGTTTTCCTTC,GGG,coding
pfkB,TTTCCTTCGGGATAAATTTG,CGG,coding
pfkB,TTCCTTCGGGATAAATTTGC,GGG,coding
pfkB,TCCTTCGGGATAAATTTGCG,GGG,coding
pfkB,AATTGTTGCGCTATCGAGAG,AGG,coding
pfkB,ATTGTTGCGCTATCGAGAGA,GGG,coding
pfkB,CCTATAGGCTGATTTCAGTC,TGG,coding
pfkB,TCAGTCTGGCACCGAATCAG,CGG,coding
pfkB,CCAGACTGAAATCAGCCTAT,AGG,non-coding
pfkB,GACTGAAATCAGCCTATAGG,AGG,non-coding
pfkB,CAGCCTATAGGAGGAAATGA,TGG,non-coding
pfkB,ACCCCGCAAATTTATCCCGA,AGG,non-coding
pfkB,AAAACTGCGCTGTACCGCAC,CGG,non-coding
pfkB,ACCGCACCGGTGTTCGAACC,CGG,non-coding
pfkB,CCGCACCGGTGTTCGAACCC,GGG,non-coding
pfkB,CGCACCGGTGTTCGAACCCG,GGG,non-coding
pfkB,GCCCGCGCCATTGCCCATCT,TGG,non-coding
pfkB,CGCGCCATTGCCCATCTTGG,AGG,non-coding
pfkB,CAGTGCCACAGCGATCTTCC,CGG,non-coding
pfkB,TGCCACAGCGATCTTCCCGG,CGG,non-coding
pfkB,GCCACAGCGATCTTCCCGGC,GGG,non-coding
pfkB,ACAGCGATCTTCCCGGCGGG,TGG,non-coding
pfkB,TTCCCGGCGGGTGGCGCGAC,CGG,non-coding
pfkB,TGGCGCGACCGGCGAACACC,TGG,non-coding
pfkB,CGAACACCTGGTTTCACTGT,TGG,non-coding
pfkB,ACACCTGGTTTCACTGTTGG,CGG,non-coding
pfkB,CTACTGTAGAAGCCAAAGAC,TGG,non-coding
pfkB,TAGAAGCCAAAGACTGGACC,CGG,non-coding
pfkB,GCAGAATTTACACGTACATG,TGG,non-coding
pykA,GGAATTTATCCCCAATATTG,AGG,coding
pykA,GAAAACTTTGCCTTCTTTAA,AGG,coding
pykA,AACTTTGCCTTCTTTAAAGG,TGG,coding
pykA,CTTCTTTAAAGGTGGATACA,CGG,coding
pykA,AAAGGTGGATACACGGATTT,TGG,coding
pykA,AAGGTGGATACACGGATTTT,GGG,coding
pykA,ATACACGGATTTTGGGCCCC,TGG,coding
pykA,CACGGATTTTGGGCCCCTGG,AGG,coding
pykA,CACATGACGCCCCAGTTTTG,CGG,coding
pykA,GCGCGCATTTTGTGATCTTC,AGG,coding
pykA,AAAGTTCATACGTACAACGT,TGG,coding
pykA,TTATTATCGCGATCTGTTGC,TGG,coding
pykA,TATTATCGCGATCTGTTGCT,GGG,coding
pykA,ATCTGTTGCTGGGCCTAACG,TGG,coding
pykA,CTCCGTTGACTGAAACAACC,AGG,coding
pykA,CGAATGAAATAACGCCGCGA,TGG,coding
pykA,GGCGATAAATTAATCTCATT,CGG,coding
pykA,AGATTAATTTATCGCCATCG,CGG,non-coding
pykA,CATCGCGGCGTTATTTCATT,CGG,non-coding
pykA,TTTCATGTTCAAGCAACACC,TGG,non-coding
pykA,CACCTGGTTGTTTCAGTCAA,CGG,non-coding
pykA,CGGAGTATTACATGTCCAGA,AGG,non-coding
pykA,ACAAAAATCGTTACCACGTT,AGG,non-coding
pykA,TAATCTTGAAAAAGTTATCG,CGG,non-coding
pykA,TCTTGAAAAAGTTATCGCGG,CGG,non-coding
pykA,CTTGAAAAAGTTATCGCGGC,GGG,non-coding
pykA,GTACGTATGAACTTTTCTCA,CGG,non-coding
pykA,TGAAGATCACAAAATGCGCG,CGG,non-coding
pykA,TCGTGAGATTGCCGCAAAAC,TGG,non-coding
pykA,CGTGAGATTGCCGCAAAACT,GGG,non-coding
pykA,GTGAGATTGCCGCAAAACTG,GGG,non-coding
pykA,CGCAAAACTGGGGCGTCATG,TGG,non-coding
pykA,GGGGCGTCATGTGGCTATTC,TGG,non-coding
pykA,GGGCGTCATGTGGCTATTCT,GGG,non-coding
pykA,GGCTATTCTGGGTGACCTCC,AGG,non-coding
pykA,GCTATTCTGGGTGACCTCCA,GGG,non-coding
pykA,CTATTCTGGGTGACCTCCAG,GGG,non-coding
pykA,CGTGTATCCACCTTTAAAGA,AGG,non-coding
pykA,GGCAAAGTTTTCCTCAATAT,TGG,non-coding
pykA,GCAAAGTTTTCCTCAATATT,GGG,non-coding
pykA,CAAAGTTTTCCTCAATATTG,GGG,non-coding
gpmM,TTTCAACGTCCAGACGAGTC,AGG,coding
gpmM,TCAGGTCCTGATACACGATG,CGG,coding
gpmM,GTCCTGATACACGATGCGGC,CGG,coding
gpmM,ACACGATGCGGCCGGCACCC,AGG,coding
gpmM,GGCCGGCACCCAGGTTAACG,TGG,coding
gpmM,CAGGTTAACGTGGCCTACTT,CGG,coding
gpmM,CTTCGGAGTTACCCATCTGA,CGG,coding
gpmM,GAGTTACCCATCTGACGGTC,AGG,coding
gpmM,AGGCAGACCGACTTCCAGAC,CGG,coding
gpmM,CCAGACCGGAAGCGTCGATT,AGG,coding
gpmM,CAGACCGGAAGCGTCGATTA,GGG,coding
gpmM,GAAGCGTCGATTAGGGTATG,CGG,coding
gpmM,GATTAGGGTATGCGGACGAT,TGG,coding
gpmM,GCCCACAGTGCATCCATTAC,CGG,coding
gpmM,CCCACAGTGCATCCATTACC,GGG,coding
gpmM,CCACAGTGCATCCATTACCG,GGG,coding
gpmM,CGGGGTTTTAGCACTAAAAA,TGG,coding
gpmM,TCCAGAATCACCAGTACCAT,AGG,coding
gpmM,TCAAAATATACGACCGCTCG,CGG,coding
gpmM,TCGTATATTTTGATCTTCAG,AGG,non-coding
gpmM,AATTTTGACTCTTGAGTATG,AGG,non-coding
gpmM,GTATGAGGTTGTCGCAATGT,TGG,non-coding
gpmM,GTTGGTTTCTAAAAAACCTA,TGG,non-coding
gpmM,ACCTATGGTACTGGTGATTC,TGG,non-coding
gpmM,ATGGTACTGGTGATTCTGGA,TGG,non-coding
gpmM,CTGGTGATTCTGGATGGCTA,TGG,non-coding
gpmM,TGGCTATCGCGAAGAACAGC,AGG,non-coding
gpmM,CATTTTTAGTGCTAAAACCC,CGG,non-coding
gpmM,TAGTGCTAAAACCCCGGTAA,TGG,non-coding
gpmM,CCCCGGTAATGGATGCACTG,TGG,non-coding
gpmM,CCCGGTAATGGATGCACTGT,GGG,non-coding
gpmM,CATACCCTAATCGACGCTTC,CGG,non-coding
gpmM,CCTAATCGACGCTTCCGGTC,TGG,non-coding
gpmM,CAGATGGGTAACTCCGAAGT,AGG,non-coding
gpmM,CGAAGTAGGCCACGTTAACC,TGG,non-coding
gpmM,GAAGTAGGCCACGTTAACCT,GGG,non-coding
gpmM,GGCCACGTTAACCTGGGTGC,CGG,non-coding
gpmM,TGCCGGCCGCATCGTGTATC,AGG,non-coding
gpmM,GTATCAGGACCTGACTCGTC,TGG,non-coding
gpmM,TCGCGCTTTCTTTGCTAATC,CGG,non-coding
pfkA,CGTCGATACCACGTTTTTTC,AGG,coding
pfkA,TTTCAGGTTTTCGATAGCCA,CGG,coding
pfkA,GGTTTTCGATAGCCACGGCG,CGG,coding
pfkA,ATGTTCTCGTCGCGGAATTC,CGG,coding
pfkA,TGTTCTCGTCGCGGAATTCC,GGG,coding
pfkA,CCGGGAAACGCGCAGAACCG,AGG,coding
pfkA,AACCGAGGAACGTACCGCCA,CGG,coding
pfkA,TCATGTCAGACACGCTGTAA,CGG,coding
pfkA,AACGGTCTAGCTGTACCATA,CGG,coding
pfkA,ACGAACAACCCCGCGAATTG,CGG,coding
pfkA,CGAATTGCGGCGTTCATGCC,TGG,coding
pfkA,TCATGACTACCTCTGAACTT,TGG,coding
pfkA,TGCAAAATGAAATCTGTTGC,CGG,coding
pfkA,TATACTATTTGCACATTCGT,TGG,non-coding
pfkA,TCGATGTGCAAGAAGACTTC,CGG,non-coding
pfkA,TTTTGCATTCCAAAGTTCAG,AGG,non-coding
pfkA,GTAGTCATGATTAAGAAAAT,CGG,non-coding
pfkA,AAAATCGGTGTGTTGACAAG,CGG,non-coding
pfkA,ATCGGTGTGTTGACAAGCGG,CGG,non-coding
pfkA,GGCATGAACGCCGCAATTCG,CGG,non-coding
pfkA,GCATGAACGCCGCAATTCGC,GGG,non-coding
pfkA,CATGAACGCCGCAATTCGCG,GGG,non-coding
pfkA,GTTCGTTCTGCGCTGACAGA,AGG,non-coding
pfkA,TTCTGCGCTGACAGAAGGTC,TGG,non-coding
pfkA,GACAGAAGGTCTGGAAGTAA,TGG,non-coding
pfkA,ACAGAAGGTCTGGAAGTAAT,GGG,non-coding
pfkA,GAAGTAATGGGTATTTATGA,CGG,non-coding
pfkA,GGGTATTTATGACGGCTATC,TGG,non-coding
pfkA,GGTATTTATGACGGCTATCT,GGG,non-coding
pfkA,GTGTCTGACATGATCAACCG,TGG,non-coding
pfkA,TCTGACATGATCAACCGTGG,CGG,non-coding
pfkA,AACCGTGGCGGTACGTTCCT,CGG,non-coding
pfkA,CCTCGGTTCTGCGCGTTTCC,CGG,non-coding
pfkA,CGACGAGAACATCCGCGCCG,TGG,non-coding
pfkA,ATCGAAAACCTGAAAAAACG,TGG,non-coding
pfkA,AAAACGTGGTATCGACGCGC,TGG,non-coding
pfkA,ACGTGGTATCGACGCGCTGG,TGG,non-coding
fbaB,CAGCGAAAACCCGATTGATC,TGG,coding
fbaB,TCAGTTAGCTAACTGCTATA,TGG,coding
fbaB,CAGTTAGCTAACTGCTATAT,GGG,coding
fbaB,TAGCTAACTGCTATATGGGT,CGG,coding
fbaB,AGCTAACTGCTATATGGGTC,GGG,coding
fbaB,ACTGCTATATGGGTCGGGCT,GGG,coding
fbaB,CGGGCTGGGTTGATAAACTC,CGG,coding
fbaB,GATAAACTCCGGCGGTGCTG,CGG,coding
fbaB,ATAAACTCCGGCGGTGCTGC,GGG,coding
fbaB,CAGCGATGCAGTGCGTACTG,CGG,coding
fbaB,GCGGTTATCAACAAACGCGC,AGG,coding
fbaB,GTTATCAACAAACGCGCAGG,CGG,coding
fbaB,CAACAAACGCGCAGGCGGAA,TGG,coding
fbaB,AACAAACGCGCAGGCGGAAT,GGG,coding
fbaB,ACAAACGCGCAGGCGGAATG,GGG,coding
fbaB,GGCGGAATGGGGCTGATTCT,TGG,coding
fbaB,TAAAGCGTTCAAGAAATCGA,TGG,coding
fbaB,TTCAAGAAATCGATGGCTGA,CGG,coding
fbaB,GAAACTGATTAACGCCGTGC,AGG,coding
fbaB,TACGAACAACACCACCCCGT,AGG,coding
fbaB,AACAACACCACCCCGTAGGA,CGG,coding
fbaB,GGGGTGGTGTTGTTCGTATA,AGG,non-coding
fbaB,TTGTTCGTATAAGGCGTATC,AGG,non-coding
fbaB,ATCGAGATAAACGTCCTGCA,CGG,non-coding
fbaB,CAGTACGCACTGCATCGCTG,AGG,non-coding
fbaB,TTCACCGCCCGCAGCACCGC,CGG,non-coding
fbaB,TGATAACGCACCAGATCAAT,CGG,non-coding
fbaB,GATAACGCACCAGATCAATC,GGG,non-coding
fbaB,CAGATCAATCGGGTTTTCGC,TGG,non-coding
fbaB,TTTGCTGTAAACACGATCGT,CGG,non-coding
