geneName,spacer,PAM,target_strand,index,6bp five_prime,6bp three_prime,Filter_Reason
gpmA,CCATACCCTGTGGAATGTGC,TGG,non-coding,24,CGCTAT,ACGAAC,Low efficiency
fbaA,CCGCGCGTATGGCTGCGTGC,CGG,coding,15,TACGAT,TCAGAC,Low free energy
fbaA,CCTGATGCGCTACGCTTATC,AGG,coding,21,AAATTG,CCTACA,Easy off-target
fbaA,CCTGATAAGCGTAGCGCATC,AGG,non-coding,22,TGTAGG,CAATTT,Easy off-target
pykF,GGTGCGGATTTCCGGACCTT,TGG,coding,5,TTTCAT,TATCAA,Low free energy
pykF,CACCACCACTTTCGTAATAC,CGG,non-coding,22,GCGAGG,ATTCGC,Low efficiency
pfkB,GTACCATCATTTCCTCCTAT,AGG,coding,28,AGATAC,CTGATT,Low efficiency
pfkB,AAATTAACAATATGATTTAT,TGG,coding,31,GTGAAG,AGCTTT,Low efficiency
pfkB,TTCTTCACTTTCCGCTGATT,CGG,non-coding,32,GTTAAT,TGCCAG,Low efficiency
pykA,TTTTGTTCTGCGAAGCCTTC,TGG,coding,15,AACGAT,ACATGT,Low efficiency
gpmM,TTCTAAAAAACCTATGGTAC,TGG,non-coding,24,GTTGGT,TGATTC,Low efficiency
gpmM,CGGTCTGCCTGACCGTCAGA,TGG,non-coding,36,GGAAGT,GTAACT,Low free energy
pfkA,GGGTCTGTATGAAGACCGTA,TGG,non-coding,32,CTATCT,TACAGC,Low free energy
fbaB,AACTGCTATATGGGTCGGGC,TGG,coding,6,TTAGCT,GTTGAT,Low efficiency
fbaB,ACCACCCCGTAGGACGGATA,AGG,coding,25,AACAAC,CGTTTA,Easy off-target
fbaB,TAAGGCGTTTACGCTGCATC,CGG,coding,26,GACGGA,CAACCT,Easy off-target
fbaB,AGACGCTTCAGCGTCGCATC,AGG,non-coding,27,ATGATA,CATAGG,"Easy off-target, Low free energy"
fbaB,TTCAGCGTCGCATCAGGCAT,AGG,non-coding,28,AGACGC,TTGCCG,Easy off-target
fbaB,TCGCATCAGGCATAGGTTGC,CGG,non-coding,29,TCAGCG,ATGCAG,Easy off-target
fbaB,TAAACGCCTTATCCGTCCTA,CGG,non-coding,30,GCAGCG,GGTGGT,Easy off-target
fbaB,AAACGCCTTATCCGTCCTAC,GGG,non-coding,31,CAGCGT,GTGGTG,Easy off-target
fbaB,AACGCCTTATCCGTCCTACG,GGG,non-coding,32,AGCGTA,TGGTGT,Easy off-target
fbaB,GCCTTATCCGTCCTACGGGG,TGG,non-coding,33,GTAAAC,TGTTGT,Easy off-target
